用户名称,评论时间,评论内容
什么事都让我分心,2016年4月13日,上个月你结婚了，新娘和你很般配，嗯。你从当年的小男生长成了大男孩。亲她的时候，我突然想起高二那个中午，你偷亲我，你不知道的是，其实当时我没有睡着。现在我也有了女朋友，准备明年结婚了，祝彼此幸福。
吴繁繁,2015年7月12日,枕在奶奶腿上听这首歌，奶奶七十多，像个好奇宝宝一样用手指小心地划着我的手机屏幕，看看歌词看看封面，把手机凑近耳朵听。时间是让人猝不及防的东西。
jjjkkklllmmm,2016年5月13日,刚进大学寝室的时候，发现床板上有人用记号笔画了一张请假条，请假原因是毕业，离校时间是6.20，返校时间是永不。 其实老师唯一没骗我们的一句话就是
南说哦,2017年5月21日,大家都说我的性子很慢，其实我也可以很快 比如，后面有狗追我 或者，你在前面等我
_时光慢点_VI,2015年2月9日,"听歌的时候，旋律永远是第一感觉，然后才是歌词，歌词过后才是细节。
就像读小说，一开始只对剧情感兴趣，慢慢你开始琢磨小说中的人物，最后才发掘小说的内涵。"
刘家鑫很蠢,2016年4月26日,逛留言板上看到的一句话 "我对你这么好 你却总这样不冷不热的 可我毫无办法 谁叫一开始主动的人是我 偶尔也会想想 当我终于消失在追逐你的长途里 某个夜里你的手机微微一震 你会不会恍然地以为 还是我给你的温柔"一个恍惚瞬间戳到泪点。
_鱼几,2017年10月11日,妈妈乳腺癌晚期已经坚持了2年了，妈妈每次的放疗副作用都非常大，看见她难受我也难受！可我也才12岁啊，我不知道妈妈能陪我多久，但是我会永远陪她走下去，永远永远……不管有多少来生我都只要这一个妈??
Ri-oseco,2016年1月11日,一个人久了，煮个饺子看见两个粘在一起的也要给它分开！
米哥ice,2017年4月25日,等有资格结婚了，我要嫁给一个很平易近人的男人，他没有大大的啤酒肚，没有地中海似的大光头，没有鸡毛蒜皮都计较的小心眼，也没有莫名其妙就爆发的坏脾气，他要喜欢运动，充满男子气，他要喜欢唱歌就算走调让我哭笑不得，他要捧着我的脸说娶到你真是我的福气。
陈随性,2014年12月18日,"我无所事事得厉害,所以感觉到时间的拖泥带水。但是奇怪的是,它虽然来得缓慢,但去的飞快。当我回头看看的时候,已经记不得昨天做的事情。最主要的原因是我昨天没有做什么事情。 ―― 一座城池"
脚气水,2014年12月14日,"时间何尝不是小偷
偷走了多少珍贵
换来的只是自己再也见不到的遗憾"
张国荣与猫,2016年5月30日,高二年刚开学的时候班主任让我们每人写一封信给两年后的自己。今天收到了那封信，信的第一句话是
Rukkran,2015年12月5日,时间是让人租不起房的东西
受兽,2018年2月23日,"唐朝的离婚书是这样写的
“ 愿娘子相离之后， 重梳婵鬓美扫峨眉 ，巧呈窈窕之姿 ，选聘高官之主 ，解怨释结更莫相憎 ，一别两宽各生欢喜 ”"
音乐人陈宏,2019年3月8日,"听歌的时候，旋律永远是第一感觉，然后才是歌词，歌词过后才是细节。
就像读小说，一开始只对剧情感兴趣，慢慢你开始琢磨小说中的人物，最后才发掘小说的内涵。"
阙升雪,3分钟前,人海十万里，谁可善待你。
浅漓ql,19分钟前,一切都结束 各自安好 再见
和祁正恋爱,56分钟前,我喜欢短发 但长发适合我 我的意思是在喜欢面前合适更重要
其实是香水,56分钟前,祝你好运。我在或许在北矿等你
的确很有趣,56分钟前,握紧的 当然不会放
我只想打空白为何这么难,17:19,我评论一句，?好大 不知道有没有以前的评论人懂得呢
来摘棉花吧,16:52,歌词和歌声不同步啊嘞
布朗尼小傲,16:30,要有多无奈才能祝她一定要幸福
一杯冰美式丶3,15:54,"把左手 把右手
大拇指 往这划 大拇指
放这里 放这里
然后你会发现右下方有一个白色的小人拥抱了一个红色的小人"
lyj是你的诶,15:32,全是心酸而已
生活很美好因为有你在,14:54,不遗憾是你的终究是你的，你说有些东西你多么小心而他们就一句敷衍过去了你甘心吗。
挽云枝,13:15,从什么时候开始你怎么变成爱哭鬼啦 是啊 从什么时候开始的
zxklyj,12:47,一起加油
路仔大大,12:13,新买的润唇膏是小时候泡泡糖的味道，以后我要买给我对象，嘿嘿。
灰色山雀,11:43,"努力也再抓不住了
或许不久后的将来，我会真的放下"
月下栀子开,11:23,慢慢的，勾起一段珍藏的回忆~
慕楠笙枳,11:04,加油 祝你考研成功上岸
Suckerforyou222,10:51,时间真的很快，距离2022研究生考试还有24天了，一年的辛苦希望都不要白白付出，这一年经历了很多，希望我希望的不止是希望?
稚嫩oo,10:23,当然啦
稚嫩oo,10:22,现在是2021年11月30号
静jing要优秀,昨天21:59,费了。我们大家都很失落。老师没有告诉我们最后是选一个人出来，我们想要一起上台。我觉得我们的组合很完美，也许老师不这么认为吧。最后我们连参加海选的机会都没有……
静jing要优秀,昨天21:57,学校有迎新晚会，要选拔节目。每个班出两个唱歌的节目。我们班有几个男生和几个女生，分别出一个节目。我和几个最好的姐妹想一起参加。我们一起努力练歌，一起抠细节。做好了一切的准备。在海选前在班主任面前唱了一遍，班主任最后就让我们其中的一个人去了。我们之前一起练的和声，一起搭配的合唱都白
暴躁的美女_,昨天21:47,edg夺冠了
琦琦琦琦琦e,昨天21:46,那是我最后悔的二个月 也是我最开心的二个月 一起打扑克 到处吸烟 那是我做梦都想回去的日子.真的好想和你在一起.
是建国同志,昨天21:34,今天是分手的第45个月零25天，天气阴很冷，下雨了，很想你。
小强AACC,昨天21:24,l？我是哑巴新娘不是我
犬夜叉烧包_pR7a,昨天21:07,我是呆
为欢几何lh,昨天20:55,大学自习课上写着概论题，这首歌把我拉回高三岁月，也是这样自习课写作业，听着mp3而不是手机，那是一种自由的感受。现在听来就是对高三的怀念。
NM_海盐,昨天20:46,有时候站在讲台，看着眼前的黑板，背后的37个同学，心里总再想着，也就一百来天了，还能再陪他们疯多久呢
漫无止境的六月,昨天19:53,这首歌好像变长了，跟以前的不一样了
宋丝思,昨天19:32,两年前，你我相遇，短暂的接触与了解，我们终究是彼此的过客，你有你的潇洒，我有我的孤寂，咱们不会再见了?
0207虾滑yu,昨天19:28,谢谢
落殇heart,昨天19:05,希望你可以，像孩子一样快乐，像星星一样努力发光，像风一样自由
好想再多一次,昨天19:00,"未来很长，希望你能加油。
我永远都在你的身后"
好想再多一次,昨天18:59,后来上了大学，在大学里，也在想她，仔细想想之前，确实是我的原因让她无法忍受，假如我能不那么内向，会不会结果就不同。虽然后来，我在朋友面前说过她的不好，但只有我自己知道我从来没怪过她，因为她的出现，那个本该炎日，抑郁，难过的夏天变的美好，没有陪她度过十八岁的生日是我一辈子的遗憾。
好想再多一次,昨天18:54,因为我高考考很差，她也一直在安慰我，也不断的跟我憧憬着大学生活，在后来，我们度过了那个炎热且漫长的假期，在她快要开学的时候，她跟我提出了分手，猝不及防，无论我怎么挽留都没有用，她这种方式的分手，无疑会引起我的多想，但是又仔细一想，她怎么可能是一时兴起
好想再多一次,昨天18:48,高考结束后的第二天，她给我打来了电话，她跟我说着说着便哭了起来，但我鼓起所有的勇气，还是不敢说喜欢她，到了晚上十一点多的时候，她发了个消极的说说，我再也忍不住了，我心里骂着自己，你怎么忍心这样对待她。我对她说出了那四个字，第二天我们确定了关系。
好想再多一次,昨天18:44,我午睡睡的很晚，就看着她，心理想着，我一定不会辜负你，在等两个月，等高考结束，我一定要跟你在一起。很快到高考前一天了，开始收拾教室了，她让我帮她搬东西，她端这一个一个小箱子，跟在我后面。办搬完之后，她给了我一张纸条，我立马去了厕所，打开那张纸条，是她对我的祝福。
好想再多一次,昨天18:39,后来，我出校随便买了一个礼物托人送给了她，朋友说她笑的挺开心，我也就放心了，从寒假到五一因为疫情，都是在家里上网课，期间她总是问我题目，我也是跟她打了QQ语音跟她讲题，也不知道她是真听懂，还是假听懂，每次讲完都会聊会儿，后来到了学校，一个教室30个，我们坐的很近。
好想再多一次,昨天18:34,但我就是这样的一个人，平时就算下了再大的决心，一见到她，全都烟消云散了。她没有怪我，一如既往的关注我，我被老师点名的时候她会幸灾乐祸，被老师批评的时候，她会安慰我。他生日前一周跟我说，能不能陪她过18岁生日（生日是周六，周六下午放假）。我不知所措也是因为家隔太远拒绝了她。
cico_6N,11月28日 22:23,6年级毕业时唱的怎么过的那么快一下就初三了
好喜欢{色i,11月28日 22:14,今天钟鑫瑞又让我哭了
用户_6324326607,11月28日 22:09,好好听(? ??_??)?
万物仍不及你,11月28日 21:57,唐朝的离婚仅存于同为名门望族
万物仍不及你,11月28日 21:55,唐朝可和现在不一样，只有男女同为名门望族才有可能是离婚，唐朝的男人把女人休了只是一句话的事，也就是所谓的一纸休书，而且女的什么都拿不走，给女的东西的也算是有良心了
姜`犀,11月28日 21:24,“r廪r[芘P藉a^徵我R爱{ 你X~′Cdw总有你认识的三个字.”
哥百眸予,11月28日 21:04,真的最近我也是经常发生 要不就是“放心我看不上你”在这之前我并没有说他是否对我有好感或我喜欢他相关的话题就很难受，还有就是“你怎么变得这么丑”顿时不想说话，，。。
QS陌月_烟云,11月28日 21:03,有些事你不要非一定知道，因为知道了会后悔.会伤心.会emo。
乖囡_aW4R,11月28日 21:03,没事了一切都过去了，接下来只要过好自己的生活就好这也是他想看到的，给不了你一辈子的但还可以看你辛福一辈子！
余_bOPX,11月28日 21:00,我说的旋律
lois小姐,11月28日 20:59,特别希望我已长大，爸妈还没有老去
余_bOPX,11月28日 20:52,这首歌与薛之谦的，等我回家好像
我就山海,11月28日 20:39,一眨眼遇见你已经两年半了，今天所发生的是曾经那个躲在角落里的我所完全不敢想的，我是真的真的很开心，也希望你可以天天开心[多多大笑]
无畏梦象,11月28日 19:46,再见一面吧
s入戏s太深s,11月28日 19:18,突然的哭，我不知道这种感觉是怎么样的，但是时间既然没办法扭转，就好好珍惜在身边的每一个人吧
s入戏s太深s,11月28日 19:17,突然间的泪流满命，时间，会将一个人在世上的证明慢慢抹去，唯一值得回味的就是在脑海里，过去的点点滴滴，它真特么的是让人猝不及防，我不知道我以后老了，会不会害怕，害怕老了成为儿女的负担，我爷爷当时生病的时候，没有办法上厕所，我爸就用自己的手给他抠出来，有时我爷爷也会突然的清醒，突然的
s入戏s太深s,11月28日 19:13,有一天我回老家的时候，就是突然的不习惯，我爷爷一般会在二楼看电视，然后我和我小妹会习惯性的往沙发上一躺，但是呢我那次回来，空落落的，很不舒服，原来我爷爷已经走了。我看过这样一句话，当你失去一个很重要的人的时候，你并不会忽然的难过，只不过在以后的某个日子里经过一个角落，突然间的泪流
s入戏s太深s,11月28日 19:06,我爷爷在我高二的时候去世的，那天我就想往常一样回家，当时我们是22:20放学，我回家的时候，我舅奶和我大姨在我家楼下等着，我还在很高兴的跟他们打个招呼，问他们待在我家楼下干嘛的。他们忽然的一开口就说我爷爷走了，我当时还没有反应过来，就稀里糊涂的跟着我舅奶去了她家，在我舅奶家睡觉的时候
晚安_695,11月28日 18:53,我想你了啊
久爱久伴久思久念,11月28日 18:44,一定一定要追回田雨
ZzZzZzZzZzZzZzWwV,11月28日 10:17,保持午睡是个好习惯
summer_EA0l,11月28日 10:12,第一次送你花打卡
苍-岚,11月28日 10:06,我也是呢，别在意别人的眼光，做自己
耳机分你一半__LY,11月28日 09:50,你
劝生者,11月28日 09:49,提笔是你，发呆想你，目光随你，心情伴你
老实人不在了,11月28日 09:43,谢谢您的教诲
劝生者,11月28日 09:41,男男
沈玉o,11月28日 09:38,我也是
DSG-y,11月28日 09:35,""" 如果忘不掉 那就永远记住 """
阿美阿姐,11月28日 06:53,如此跨时代缅怀青春的歌，取了一个小气的名字，不过也是另类。
云村陈泽,11月28日 02:30,遗憾连张合影都没有我不知道拿什么想你，我已经快忘记了你的模样我不想忘记我也不知道如何去联系你，好后悔当初没有珍惜
忆千魂丶,11月28日 02:06,唉，你为啥也叹气
Giannaw,11月28日 01:59,唉
檎l水漫金山_-,11月28日 01:42,思绪万千
五毛钱买的名字z,11月28日 01:14,生活里有好多人会离去，除了珍惜眼前人还有勇敢的去面对别人的离去，虽是常态但是我们也无能为力不是吗，时间过的很快一转眼我也大三了，老友的离开就像朱自清写的悄悄的我去了正如我悄悄的来，大一的时候跟高中同学被分散到五湖四海能聊几句的时候也只有游戏里
五毛钱买的名字z,11月28日 01:07,记不起上一次听这首歌是什么时候了，时间就像水慢慢洗掉你的回忆，哪怕几年前的故事现在能想起的也只有气味了
#NAME?,11月28日 01:02,好多无奈
serendipity_y0409,11月28日 00:53,emmm以前我只是觉得这首歌很好听。。
昵称真够难起的,11月28日 00:21,想念我的小县城 想念高中的同学们和我们起外号的老师
乘风归雪,11月27日 23:55,我曾有过各种各样的外号，他们围绕我的外貌给我下定义，他们只是没礼貌，却弄脏了我的青春
落黎在线自卑,11月27日 19:33,5年后让那些曾经看不起我的人重新认识我，今年18岁00后汽修工！
鬼精灵_LikX,11月27日 19:31,加油 等你好消息
鬼精灵_LikX,11月27日 19:31,相逢还是会心动。这次要不要说出口。
Yi哥哥仔,11月27日 19:12,从陌生到陌生
蓝鲸与鹿1805,11月27日 19:08,今年她八十八岁了，没等到我结婚生子，她也永远八十八岁了
阿-黛_Y6TX,11月27日 18:24,我外公外婆也有，但外婆终是没有等到
爷对xz一生黑,11月27日 18:16,醒醒，你就是被白嫖了
沫棠,11月27日 17:43,还有13个小时就要考试了，希望我可以上岸。
X要喝奶盖嘛,11月27日 17:40,加油啊
悲风吟,11月27日 16:56,钓鱼?真没意思
今日不南冠,11月27日 16:40,难受
Strive-mxl,11月27日 16:33,也许 在那张毕业照后我们就在人海茫茫中分道扬镳了
明天的清风后天的夕阳,11月27日 16:13,久久
鸟孓1803,11月27日 15:49,"打扰一下啊，非常感谢你看下去哦，过几天是我和我男朋友在一起999天的日子，我们来自陕西省榆林市，希望各地的小可爱可以帮我评论一下，我想和他一直在一起度过余生，希望得到大家的祝福，
例如"
涤-,11月27日 15:37,你说我们要一直厮守一辈子，但当你开始赚钱开始，你就变了，曾经的话语抵不过你追逐的梦想，终究是耽误了。在一起不需要物质，但物质又承担着在一起，挺可笑。
南宫崎骏_uTFd,11月27日 15:34,3年了 你还好吗
Andrea1809,11月27日 15:32,这是你喜欢的歌，我也曾听过。初听不知意，后知后觉。爱过你，我从不后悔。其实，我不是爱你。我只是忠诚于爱情。可是啊，有些男孩子就是没有机会看到那些足够的美丽。是你我无缘，总是会错意。懒得说你是渣男，只是不爱而已。不期望你过得好，但客观说
SL-forever90,11月27日 14:59,加油
kimmy225,11月27日 14:45,换位思考一下？
瓦史托德虚白,11月27日 14:08,还记得以前一直唱这首歌的时候吗？那是我和你的唯一一次合唱，在离开校园时，一位学生在台上唱这首歌，当时我情不自禁的回忆起了我们的往事，但我还是加快脚步的离开了，我们的缘分尽了，在人海中相遇，总归要还给人海的
今天很想你55,11月26日 22:57,加油o
平平淡淡最是无聊,11月26日 22:57,尹娅表姐，我真的喜欢你
平平淡淡最是无聊,11月26日 22:56,尹娅表姐，我真的很喜欢你呀，
Dear_葛尔,11月26日 22:53,[多多大哭]
葵雨32006,11月26日 22:51,前边看着是意难平，后边是挺意外的
别摆一张战斗脸,11月26日 22:50,这首歌好像是初中哪一年老师让学会的歌那时还不懂为什么 现在恍然明白了所有 初三马上毕业了脑海里浮现三年的记忆有开心有悲伤有难以回忆的记忆那些不堪不想在想起 我现在很开心有许多朋友照顾我的心情 推测我的脾气 不开心会得到安慰o
我是myue啊,11月26日 22:50,我已经很久没有见到我朝思暮想的那张脸了 
菜根cium,11月26日 22:40,岁月流转，每一天都在答题，唯有最后一刻是交卷，尽量让自己问心无愧一点，尽量让自己温暖一点，交卷的时候可以多一些释然
鲂,11月26日 22:37,高觯有个叫王聪，等了你4年
械贸栽顼啊,11月26日 22:33,我奶奶也有个野心，想活到我大学毕业 看我工作 娶妻生子过日子但她没有做到 在今年七夕前搬到了天上去住
别烦给爷爬,11月26日 22:28,大家赞赞我的动态吧
魏北涵,11月26日 22:08,so？
逸彻,11月26日 22:02,啊这
无聊_mfRU,11月26日 21:59,那又怎样？
梦樱_vqFn,11月26日 21:58,哇⊙?⊙！
脉脉不得语171226,11月26日 21:55,他说你长得丑，色不是你能决定的，七分天意，尤其是上学不打扮。德行好，成绩好才是人杰。对这种爱说恼羞成怒和他对喷是不明智不度量的，变成拉低了你的道德水平，变成狗咬狗，从你回他已经证明你德行比他高不知道多少层次，各大网友都在安稳你，愿你被温柔以待，这是全体中华道德感的意识提现。
脉脉不得语171226,11月26日 21:50,"“可古语云，士有百行，敢问夫君有几行？”
许允作为当时的名士，相当自信地回答"
脉脉不得语171226,11月26日 21:49,想安稳你:小时候买过一本书《中华传统美德》东汉三国时期有一个名士娶了一个丑女结婚洞房花烛夜下了一跳想跑，奇女子拽住衣服，名士恼羞成怒（记不清了特意百度了一下）呵斥阮氏道
梦Ssr,11月26日 21:33,2022，你们还在吗？
脉脉不得语171226,11月26日 21:18,我也是小学，然后她恋爱，然后我结婚。然后她分手了，我结婚后我们很难做朋友了。从没正面的说过一次爱她，我知道她都知道，她知道我也知道我们是朋友。不在一个频道没办法的，相爱需要缘分
正东方向有只羊,11月26日 00:23,好难过好难过好难过！她不要我了，我删她了，她会不会伤心呀？
我还在等晚安呢,11月26日 00:18,要是人都能活到100岁就好了，我怕，我还没长大她就老了
MG布布,11月26日 00:11,我爷爷子孙多，也就比较忽视我家，我和我姐。爷爷生病了，只有我父亲愿意出钱给爷爷看病。出院爷爷来到我家养病，假期工结束姐姐最先给爷爷买了他爱喝酸奶，爷爷喝的很开心，嘴里还不停的说“我的兔兔横（棒）”，我也怕爷爷一直在家待着不舒服，推着爷爷环游街道。躺在床上的爷爷，看着忙忙碌碌我们
王册王册子,11月26日 00:03,祝福。
王册王册子,11月26日 00:03,珍惜。
王册王册子,11月26日 00:02,笑死了。
王册王册子,11月26日 00:02,有。
小阿花Yo,11月25日 23:59,三年前，分手的那天，他给我塞的耳机里播放着这首歌。。。我又回来了，是的，我们和好了决定2022.2.22举行婚礼，希望在座的各位都能得到爱情
yzdrlbu,11月25日 23:49,6666
军装下的绕指柔-,11月25日 23:21,实习的时候，很欣赏一个男孩子，我承认刚开始是我见色起意，就对他多关注了点，后来我发现他真的是一个很优秀的人，回来之后，经常梦到他。听到这首歌，挺有感触的，明年这个时候，会有新的实习生到这个单位去，时间比我长，不知道那个时候你还记不记得我。
9ine8,11月25日 23:18,牟晓薇
星星也要光呐,11月25日 23:13,最终她也在毕业季和我说了分手，这辈子就当我娶过她了吧
星星也要光呐,11月25日 23:12,我和她是高一下学期认识的，依稀还记得她当时穿了一身黑色的运动服，很好看，后来她坐在了我后面的后面，再后来我和她成为了前后桌，她经常踢我的板凳，我经常转回去说她，后来2018年高考，奇迹般的高考成绩一样，我和她表白了，她同意了，我开心的一直傻笑，后来我和她去了同一所大学，后来，
额呃-_,11月25日 23:02,初中的时候和舍友定这首歌为舍友之歌，那时候离中考还有一段时间，以为时间还很长，而现在已经高三了，又快到了毕业季，想到初中那时的事，又开心又怀念，希望高中的时光也可以慢一点，因为真的舍不得[多多大哭][多多难过]
_循环,11月25日 22:51,确实过得很快啊，再快一点吧，日日重复的生活已经过腻了
想好了就叫仙女吧,11月25日 22:43,前任找你复合该同意吗
我是汤阳阳,11月25日 22:42,听这歌的时候就想起了高中生活的点点滴滴，哎，真是想念那帮人呐！
elfin肆陆,11月25日 22:32,时间过的好快啊
清风不识字何故乱翻书_2027,11月25日 22:21,时间是让人猝不及防的东西，我的青春，随着这首歌结束了。。。
仙女不下凡2333,11月25日 22:12,就是你多看别人一眼我都酸到不行，不喜欢自己因为太在意而生出的小气，我可以毫不掩饰自己的喜欢，但不能随意表现出妒忌
潘九幺,11月25日 01:08,真的能祝彼此幸福吗？
不要抱着我,11月25日 01:00,好好休息 要有行动，只有行动才能打破僵局！
钟大头,11月25日 00:58,我这段时间遇到了一个比我大两岁的男生 他很好很温柔 他性格跟我很像 他会考虑我的感觉 他会为我付出为我打抱不平 也是第一个对我来说付出很多的人 他在我的世界里就像一个默默陪伴着我的大哥哥 他很喜欢我 我默默的感觉到了安全感这是别人不曾给我的感觉 我谈了那么多次 这是唯一一个真心对我好的人
钟大头,11月25日 00:54,可能青春永驻青春心吧 在这个学生时代里那些懵懵懂懂的感情都是青春 哪个人的青春没有过心动的人 谁都会有冲动的想法 只不过有些人没去做罢了 在我的青春里出现了一个让我觉得很好的男孩子 他给我第一个感觉就是他很简单他很好 在这段时间里我们不断地聊天 聊了几个月 这段时间突然就没什么联系了
幸福荷包蛋,11月25日 00:36,这不是骗婚gay吗
北馨,11月25日 00:14,2021年11月了还有人在听这首歌吗
Blacksugar__,11月25日 00:14,大学毕业那年，几个人围在一起吃这最后一顿饭，话在嘴边说不出来，一个劲的喝酒，回想着这三年来得点点滴滴
用户335971562,11月25日 00:08,时间过的太快了，希望以后的日子不会再有那么多的遗憾！
Rosiee_-,11月24日 23:58,泪了
涛mou,11月24日 23:55,这也是满满的回忆啊
雯雯雯-雯wen,11月24日 23:52,泪奔了
小猪_9AaG,11月24日 23:49,初三很累，被不完的单词和记不住的公式，好烦！！！！！
小L是意中人,11月24日 23:45,没准是两男的
孤千人,11月24日 23:42,EDG，夺冠了
小尤_nSE6,11月24日 23:38,成都大学等我
黎明的曙光WQ,11月24日 23:28,有
暄pa,11月24日 23:18,把日子写成风情，把目光画成希望，把美好的事物镶进流年，等自己慢慢长大......
#NAME?,11月24日 23:12,@Rosiee_-
旧街_5hOJ,11月24日 23:10,又到了网抑云的时间?
我应该戴上眼镜,11月24日 22:58,我的心空空的，我知道我和他太多不合适了，可是最近脑子里总是回忆起之前在一起的点滴。我爱他，很爱他，可是我无力改变现状，改变这些不合适的地方，我在清醒与回忆中迷乱，也在提醒自己不可能的事不必在想。他对我做的事，让我知道了他的冷漠和无情，可是我们已经分手了，再也没有关系了。
我的星星呢zy,11月24日 17:07,一定会的
Geek琪琪,11月24日 17:01,在听
一肚子气的包子,11月24日 16:54,蓝莓味包子 现在一切刚刚好 ?
Sik-Z-Murphy,11月24日 16:49,2021.11.24
云村村民162676910043862,11月24日 16:47,有
Fishbone_x,11月24日 16:27,我我我
南方孙红雷,11月24日 16:26,11
墨阳Ryan,11月24日 15:08,捋了好几遍...[多多无语]
亦随风qu,11月24日 15:04,哼唱
释槐鸟_ShiHuai-Bird,11月24日 14:17,岁月，呵，这东西真恋人！
江湖小骑士,11月24日 14:05,11月份了，还在听
景之行1907,11月24日 13:49,暗恋过的那个男孩 我们终究还是两条平行线
无题kong,11月24日 13:25,2017年开始喜欢的歌现在也喜欢
无题kong,11月24日 13:24,2021年11月24日星期三13:22希望我能够考上大学
星空下QP,11月24日 13:06,2021.11.24 13:05还有人在听这歌嘛
清新自我2006,11月24日 13:04,你在我心中是很完美的，跟你聊得非常开心，课程上的一些问题我们也能聊得来，这种相处模式非常舒服
清新自我2006,11月24日 13:00,最后一年半有无限的可能，希望之后都能考上理想高中，你是班一，我也在朝你的方向去努力，既然无法当面告诉你那句话，那就在这里说出来吧
清新自我2006,11月24日 12:59,我还有点贪心，喜欢你却不敢告诉你，其实我也是一个活泼的女孩儿，但我好像在面对你时一点勇气都没有，我很喜欢跟你做朋友，我觉得你是咱班男生里唯一一个能让我把我的东西借给你的
邂逅l647,11月24日 12:56,十一月了我还在
清新自我2006,11月24日 12:49,距离中考还有一年七个月，时间过得真快，好似一眨眼初中三年已经过了一半，没有任何的集体大型活动，却让疫情占满了整个两年，不想让时间过得那么快，我还想要跟他多待在同一学校同一班级，woi
猫maom,11月23日 21:55,2021 11.23 21:55 又来听这首歌 反反复复听不厌
张小默19,11月23日 21:23,妹妹，不要用自己的青春去赌
两眼再无意中人-,11月23日 21:13,对不起
两眼再无意中人-,11月23日 21:13,欠你的一句抱歉 ， 如果你能看到这个评论，就当我补给你了
两眼再无意中人-,11月23日 21:12,你的歌单现在也成了我的歌单，在不能打扰的情况下，或许这就是仅剩的怀念你的方式
两眼再无意中人-,11月23日 21:09,后来啊，一个清晨，大雾散尽，不止清晨，不止大雾，大雾四起，我在无人处爱你，大雾散尽，我爱你人尽皆知。云雾散尽，我爱你从未停歇。云雾缥缈，世人皆知我爱你。大雾四起，遮住了我对你的爱意。我不怪你，我乖大雾四起。
sssfalo,11月23日 20:57,好有感觉 那些时光里的记忆仍很怀念
June17lovz,11月23日 20:55,张中铭我喜欢你啊
IOUtreize,11月23日 20:37,洗洗睡吧，梦里啥都有
越城岭之南,11月23日 20:30,心底空落落地，网易云音乐也拯救不了的空
白昼奶盖2007,11月23日 19:48,当然啦！就算只剩6.7天了还有呀！
_叫我baby,11月23日 19:27,相信你们有缘分的
_叫我baby,11月23日 19:26,希望你能天天开心，我把对你的喜欢放心底
米范加热汤,11月23日 19:09,11月还有呢
捧兰花换锦服,11月23日 19:06,哈哈哈
郭培培培,11月23日 17:47,快十二月了，依然在听
挨急,11月23日 17:39,太慕了，可惜她已经不在了
留白-_-blank,11月23日 17:26,你好像不对劲⊙n⊙
神话_WvP5,11月23日 17:19,这首歌是她跟我第一次在一起听的歌如今岁月静好各安一方
v执-念,11月23日 17:10,原来版权在网易[西西晕了][西西晕了][西西晕了]
寂殊try,11月23日 00:17,ktv点的最多
Dominate_-_,11月23日 00:15,在
逸彻,11月23日 00:13,嗯呢
Y杨洁0829,11月23日 00:08,在听
逸彻,11月23日 00:05,2021年11月23日0.05，还有人听吗
Simple_melo,11月23日 00:00,反转我没反应过来
Simple_melo,11月22日 23:59,大反转
Coward一,11月22日 23:58,结婚的时候给我一张请帖吧，你开心的，难过的，温柔的样子我看过，最后我就想看看你不属于我的样子。
简落qin---cola,11月22日 23:57,再闻已是曲中人
莫做游坦之,11月22日 23:45,我算一个怪人吧，喜欢的小说看了一遍又一遍，喜欢的电影电视剧看了一遍又一遍
小徐同学_314,11月22日 23:42,你可以听很丧的歌 但我希望你看看外面的太阳 星星 月亮 行人 树木 花香 棉花 糖 雨滴动物 看到这个世界也是亮晶晶的
小徐同学_314,11月22日 23:41,我们终将上岸 阳光万里
小奶狗-__白菜,11月22日 23:39,生活很苦，但你要甜
大鹤子_,11月22日 23:37,四年后更奔东西为了生计
大鹤子_,11月22日 23:36,我们会认识四年
要晚安了__,11月22日 23:32,所以剩下了什么.
旧车厢里藏着一颗草莓_o2l2,11月22日 23:19,已经下雪了
番茄先生-love-,11月22日 23:18,谢谢
凉夏暖笙安,11月22日 23:18,看云淡风轻
始于你_止于我,11月22日 23:15,好的坏的，都是风景，只怪我贪心
就只有一年了嘛,11月22日 10:13,我存过你的照片，你喜欢的歌我也有去听，你看过的电影我也偷偷看过，你感兴趣的东西我也尝试感兴趣，其实我远比表面更喜欢你
碳钨呀,11月22日 10:12,时间是让人猝不及防的东西
今天霉霉的新专也超好听呢,11月22日 07:09,所以，这算是骗婚吗？如果女方不知道对方是gay的情况下
S鬟,11月22日 06:49,同一年高考，一起加油喽！
等那个为我打伞的你,11月22日 06:15,有幸遇见 有缘无份
种花兔hap,11月22日 06:14,总是要向前走的，待我沉潜到底，奋力一跃，还不行就要错过了
雁子丫头2020,11月22日 04:42,如果有一天你能和我一起看云淡风轻，多好
Autism211122,11月22日 02:41,不知道怎么就突然想起了高中时代青涩的我们
橙子in丶,11月22日 02:09,明年也到我出去实习了现在专业学得非常不好不知道怎么办迷茫
梦想踏入现实来c,11月22日 01:26,转眼已经五年
掌柜的8848,11月22日 01:16,又要过年了，一年又一年，匆匆又夏天
青树_y,11月22日 01:06,Duang 青树
logoilli,11月22日 01:02,电影 岁月神偷 了解一下
魅音小瞳,11月22日 00:58,我也喜欢过我兄弟
我老不正经,11月22日 00:56,"害！网抑云了！2013年青涩的我踏入了部队 2021年 又是一张白纸踏入了社会 ，这八年啊！从刚开始的青涩少年 到现在的我 。尽管再淡然洒脱 心中仍有不舍 不舍的是那些 人和事 还有那八年穿在身上的衣服
害！不说了 ，要好好努力 人生好多个八年 ！"
会一起等日落嘛,11月22日 00:44,其实啊你知道吗 我为什么这么喜欢这首歌 是因为旋律一响 我便会想起你 我不再是从前那个一无是处 躲在你身后的小女孩 还有很多不足 我在慢慢弥补 很遗憾 你离开了那么多年 我却还是不会好好爱一个人 我也在学着接纳自己 你也要 你要平安才好
甜蜜哦豁,11月22日 00:18,智者不入爱河，愚者自甘堕落
坤_了啦啦啦,11月21日 23:54,"争不过朝夕，又念着往昔
别怪我贪心，只是不愿醒"
by_温柔而已,11月21日 23:53,放不下他，为何不去找他
美食探店_小超超,11月21日 23:52,生活很难，但还是要继续呀
~痴愚,11月21日 20:24,就比如“三十而立”现在这句话就是狗屁。
~痴愚,11月21日 20:18,对，别刻意。加油
只愿得一鑫人,11月21日 20:14,真的爱一个人，也要学会放手，祝ta幸福
你说你是光啊,11月21日 20:12,可能只要做好自己该做的事情就好了吧
没给你许下的承诺,11月21日 20:12,好听
你说你是光啊,11月21日 20:11,希望有一天我们都能成为那样的人
只愿得一鑫人,11月21日 19:57,我在上海市祝周语昭小朋友生日快乐！
游民r_ICgF,11月21日 19:54,暗恋了五年的男孩但没勇气表白 最近听说你和别人在一起了 嗯 祝你幸福
Y-Rose绮,11月21日 19:48,"世人慌慌张张
不过是为了碎银几两
可偏偏是这碎银几两
可解这世间惆怅
可保父母安康
可护幼子成长
可这碎银几两
断了儿时梦想
让少年染上沧桑
压断了脊梁"
蜗牛你慢着点,11月21日 19:32,下次一定
Aida岁月的童话,11月21日 19:14,突然好想大哭啊奶奶离开马上一年了今天去产检了，如果奶奶在的话一定特别开心吧
沽酒天涯,11月21日 18:54,"把左手 把右手
大拇指 → 往这划 ← 大拇指
放这里 放这里"
猫捡球的柴犬,11月21日 18:49,我在广西省祝周语昭小朋友生日快乐
瑶瑶_wb7B,11月21日 18:49,我想你了
一只团团吖,11月21日 18:44,“希望未来还有机会”，一定会有的，我等着你俩再拿一次双打冠军
用户1929784631,11月21日 18:24,卧槽？！
暮良-,11月21日 18:06,年与时驰，岁过不惑。唯勤勉律己与潇洒无畏而。或不能两全则取前者。
蓝先生先生先生,11月21日 17:53,后来 听《起风了》想起初三 听《岁月神偷》想起高三
蓝先生先生先生,11月21日 17:45,加油啊
星星sm_tAB9,11月21日 17:39,加油?
余生有你_CC,11月21日 12:13,对自己好点
贵港小星星,11月21日 12:10,啊。
S9Y29C2L13,11月21日 12:09,偷走父母的岁月不是时间 是我...
我怀念的_Roy,11月21日 11:55,你有了女朋友？
你好迷人呀j,11月21日 11:38,毕业快乐
你好迷人呀j,11月21日 11:37,同?
欣欣欣--,11月21日 11:24,什么时候你才能好好爱我
你为什么看我这个这么长的名字,11月21日 11:15,表白高玮
后来也还好-,11月21日 10:37,她在QQ通讯录里，她在微信通讯录里，她在网易云好友里，她在微博关注里，她在我心里，但她现在在别人的怀抱里…… 尝试着摆脱回忆，活得像自己
未曾彷徨wz,11月21日 10:27,一转眼自己从一个小学生变成了一个研究生，这一路有快乐，有遗憾，仿佛就在昨天，再往后的每一天里，我想做我想做的，不负韶华
Rabbit005,11月21日 10:09,左志成，什么时候娶我?
LeoZ_March-18,11月21日 09:53,我是莹是想把你赢回身边的莹。
言言言吖z,11月21日 09:36,"""每次秒回 不是巧合 而是我在等你 """
7955CN,11月21日 09:09,听着听着 就崩不住了 17年的夏天姐姐总是喜欢放这首歌 我总是和姐姐抢电脑玩游戏 现在 姐姐走了 总感觉家里空荡荡的 那台电脑上也落了灰 我想我姐姐了 姐姐那天走的时候 我没有哭 听到这首歌 就崩不住了
你即人间风月yy,11月21日 08:56,我好
憬_YST,11月21日 08:24,有幸被爱的话，晚一点也没关系
~痴愚,11月21日 08:23,没有人规定一定要在特定的年纪做相对应的事情。
生日好无聊,11月21日 08:01,"把左手 把右手
大拇指 往这划 大拇指
放这里 放这里"
云允晕鱼,11月21日 07:58,好听
荼笙__ts,11月21日 06:45,恋爱要从一束花开始
赵小贺喔,11月20日 23:54,加油啊小伙子
戈戈不在哦,11月20日 23:51,离高考还有198，总要为自己的未来做点什么
il熙华,11月20日 23:48,加油
晚肖肖,11月20日 23:48,高三一起加油?
StillSC,11月20日 23:44,距高考198天，我一定要考上中国政法大学
Augenstern804,11月20日 23:34,小的时候还不懂 对生死离别的含义没有多大感觉 慢慢长大 当我再想起儿时亲人逝去 会在一个陌生的街角突然流泪 突然来袭的伤感 在那一个街角我真的长大了 爸爸当年10岁的那个小女孩长大了 如果天上信号好的话 接一下电话吧
墨城烟柳旧人殇1101,11月20日 23:26,我习惯了奶奶的唠叨，习惯了她做的饭，习惯了她的陪伴，今年我18了，但是收到了她癌症晚期的消息，原来她已经70岁了呀，原来她已经没多少时间了啊，原来她在我心里这么重要啊
麦丽素好吃,11月20日 23:19,时间是让人猝不及防的东西
顾与恋心,11月20日 23:13,岁月无痕，愿你也能在岁月的沧桑中，变得坚强！
土豆彡雨,11月20日 23:12,你说、再“过几年”“是你们”还是“我们呐”
烈酒如你_,11月20日 23:09,这一次我只为自己，不做任何让步
马奇着马p虫,11月20日 23:08,这个杀手不太冷啊
烈酒如你_,11月20日 23:07,既然人生很短，那我立一个三年之约吧，希望这次我还能赴约，希望我不再留遗憾。
我是说再见_,11月20日 23:02,就是跟这个杀手相亲相爱了，还有宝宝了
月亮也会睡不着吗,11月20日 23:00,没什么就觉得没意思
念念b@,11月20日 22:49,什么意思啊，小可爱
无梦到东周,11月20日 22:47,"天气慢慢变冷，你说该穿秋衣秋裤了。
我怀念呀，怀念当时这冰冷空气里，点点星光下，我和你，短暂却永恒的漫步。
天气越冷，我就越气！天知道我偷看你时心里有多难受！
时间悄悄溜走，你知道吗？我迈出那一步后再也迈不出下一步了。如果你能迈出一步该多好。"
XJJ静别,11月20日 22:38,“孩子
烈酒如你_,11月20日 22:36,最终。。。我还是选择了用时间治愈一切，用时间成就一切，祝一切顺利
我是说再见_,11月20日 22:31,"杀手:“给你三个字 说好了就放了你 说不好就杀了你。”
我:“我能不能先想想？”
杀手:“整快点。”
十年后
我:“我想到了！”
杀手:“闭嘴 好好睡觉。”
我:“可我好不容易想到的阿”
杀手:“我总不能让我的孩子没了妈”
我:“我爱你”
杀手:“我也是”"
落日43,11月20日 16:36,极限拉扯
去拉萨发个呆,11月20日 16:34,从来没有觉得一首歌可以用重量去衡量，因为它装满了无数人的故事和人生！
LOOK-UP,11月20日 15:51,《猝不及防
望尘莫及的思念,11月20日 15:24,记得初中的时候，在我哥随身听里头发现了这首歌，他是个听英文歌的人，从来不听中文，我说你怎么有首中文歌啊，他说那是他喜欢女孩给他下载的
威风霖铃,11月20日 15:09,下周五我们还能再见面吗
玩小李子的水枪,11月20日 14:55,歌词对不上。 你们会吗
三木淼淼,11月20日 14:47,"时间过的真快啊，如叶落下，也如
年少的梦想坠入现实。"
Kismet__I,11月20日 14:09,爱没有性别
川莹酱,11月20日 13:40,时间真是一个小偷，偷走了我的满心欢喜
xxx熊熊不怕,11月20日 13:17,加油
a^K,11月20日 13:06,"把左手 把右手
大拇指 → 往这划 ← 大拇指
放这里 放这里"
是太多遗憾哦,11月20日 13:01,你敷衍我的时候我能看得出来 但我心里想着你在我身边就好了。
是太多遗憾哦,11月20日 13:00,专一且深情又能怎么样 我没有好看的五官 你无论如何 随时随地的丢下我。
小说家x,11月20日 12:39,生病不吃药 下雨不打伞 冷了不多穿 饿了不吃饭 困了不睡觉 这就是我固执的青春
不会运球的暴躁小孩,11月20日 12:15,21年初毕业时老师唱给我们的最后一首歌
晓晓挽着啵啵看橙海,11月20日 11:51,我今后也少了一份压岁钱啦
晓晓挽着啵啵看橙海,11月20日 11:48,老天爷带走了我奶奶。
鹤辞_yWZt,11月20日 11:25,
王境泽33号,11月20日 11:17,很喜欢太宰治《人间失格》中的最后一句话，定价:39.8元
顾里_ppCG,11月20日 11:01,不知道从什么时候我的眼里已经没有了星星
断刀客7115,11月19日 21:49,在职好多企业不认可，有条件还是考全日制研究生。我也人到中年了，一直有读博梦，不知道什么时候能实现
心瞻天莱涵,11月19日 21:44,祝愿你们都幸福吧
放过你了hh,11月19日 21:20,"zf,这次的分开，让我成长了很多。也明白了一些道理，更意识到了自己在感情中的不足，你的离开，也许就是成长的代价吧，谢谢你让我领悟了很多道理，如果这些问题我早一些明白，就会避免这些问题的发生。也不会走到今天这一步，如果还有机会重来一次的话，我想我会爱对一个人。加倍去珍惜。"
鸽尔_D_罗杰,11月19日 21:12,加油，陌生人
雷好小朋友,11月19日 21:00,"2021.10.14，被通知辞退的那一天，哭塌了…人到中年啊~
第二天毅然决然收拾好东西决定考在职研究生"
时间年代线,11月19日 20:59,人这一辈子最不该的就是后悔，所以，岁月神偷你就尽管偷好了，我才不在乎。
追梦_HeCW,11月19日 20:48,岁月安好
哈哈嘎饿,11月19日 20:28,特
藤原小幺,11月19日 20:13,两个同妻。。好可怜
江|爱慕桥西,11月19日 19:56,你的模样，是不羁的我曾经喜欢过的脸庞。
琪怪2,11月19日 19:56,原来妈妈曾经也是一个少女
别想泡凡凡o,11月19日 19:43,基友回忆录？
唐l财2110,11月19日 19:12,你娶她了吗？
西风纵马呵,11月19日 19:10,冲啊
怎样都好啊啊啊,11月19日 19:07,我也想奶奶了
西风纵马呵,11月19日 19:06,埋头前行就好。
云村村民163731978760725,11月19日 19:04,好听
西风纵马呵,11月19日 19:02,全靠我死撑梦想。
小蒙yo_BulI,11月19日 18:21,没什么伟大的理想 也没什么特别的梦想 只希望家人平安喜乐顺遂?
mywebmusic,11月19日 18:20,这个版本更深情，听起来这么像孙燕姿
陈大小姐xi,11月19日 02:35,莫名奇妙就大三了，我以后要干嘛啊，好想回到高一那个给你推荐这首歌的晚上，那时候生活还是无忧无虑，不想长大，要为自己考虑考虑了，时间过的好快啊！不想长大，想做一个妈宝女，哈哈哈，高中也挺好的哈哈哈。
云村村民163349289536862,11月19日 02:32,好听！
胸无nb,11月19日 02:27,自信点，把前面五个字去掉！不对劲就对了
云村村民16331750920493,11月19日 02:05,怎么会呢爱过了那会再有人呢再有也是心理安慰罢了
云村村民16331750920493,11月19日 02:05,阿哈哈哈
prettyfriend,11月19日 01:34,时间是让人猝不及防的东西，我想奶奶了
Persikii,11月19日 01:04,还是早点休息吧
卑微小王xx,11月19日 01:03,岁月匆匆彼此无恙
月亮失约了-,11月19日 00:37,你听 六年了
一f船票i,11月19日 00:24,一路长虹！
你一蹦三尺高,11月19日 00:20,刚刚我朋友说时间过的太快了，然后我就想到这首歌分享给他了
你一蹦三尺高,11月19日 00:19,换封面了吗
zhaoyiyin,11月19日 00:18,大二了，明年就20了，再过两年，就要毕业了，时间真的好快！
木头loveislove,11月19日 00:10,时间 有一点伤人
_KimSoHyun_,11月19日 00:03,我也是
dora_wang0709,11月19日 00:01,还想当外婆的小乖乖，不想承认外婆离开四年了，回不去的外婆的故居，想去从小长大的外婆家都没办法，钥匙只有舅舅有。想，太想了。
mywebmusic,11月19日 00:00,睡不着了，听歌
用户6309026391,11月18日 23:53,。
我不是Sea,11月18日 23:51,我的心欢迎你光临
听风_MzPN,11月18日 23:43,你说，在过几年之后，是喜帖还是请帖，是喜酒还是交杯酒，是我们还是你们[多多大哭]
遗迹1705,11月18日 16:53,建议删除后半段
无心孤岛1811,11月18日 16:00,我不懂，但我大受震撼
melody_gbzj,11月18日 15:46,36年的时光，步入中年 不得不感叹岁月如梭。所幸慢慢清晰 能够握紧的就别放了，能够拥抱的就别拉扯。岁月是一场有去无回的旅行，好的坏的都是风景！
儒道法,11月18日 15:28,真想就去找，人生不应该留下遗憾，也许没结果，但人需要一次说走就走的旅行
巴啦啦能量乌卡拉卡biubiubiu,11月18日 14:45,我也在等
6092_WfJb,11月18日 14:41,好听
用户5213873849,11月18日 14:38,留下的也许不是真的，留下的也许会是一直遗憾的。
komy111,11月18日 14:31,这不是梗吗
琴琴琴_RbuL,11月18日 14:19,好听
Champagnevyu,11月18日 14:17,时间是让人猝不及防的东西?? 已经大四了前途渺茫
小天想蹦迪,11月18日 14:17,不知不觉奶奶已经在天堂48天了 奶奶陪伴我15年 最后因为被病魔折磨的骨瘦如柴 还记得小时候奶奶经常说快点长大 长大奶奶就享福了 记得奶奶最后一句话是怪怪以后要听话奶奶不在了 奶奶享不了你的福了
云村村民163347569864928,11月18日 14:05,觉mmmmm?j
一个两个1911,11月18日 13:49,最后那些歇斯底里都变成了沉默寡言，委曲求全
风吹zou,11月18日 11:53,时间将你带到了大学
风吹zou,11月18日 11:52,现在大四快毕业了吧
风吹zou,11月18日 11:50,现在对我来说是7年了
风吹zou,11月18日 11:48,7年了还在吗，一眨眼就7年了
风吹zou,11月18日 11:45,加油争取18结婚
风吹zou,11月18日 11:40,现在那
风吹zou,11月18日 11:40,现在那
婉h宝贝,11月17日 22:31,岁月是一场有去无回的旅行，没有回头票可买，珍惜当下
钢珠gie,11月17日 22:25,许蔚回光返照时我哭了 大蔚 匐匍准备
南鸢sweet,11月17日 22:24,2020.10.24中午十二点左右离开河南，下午三点半到达乌鲁木齐，不知不觉中在这个满是新A的城市已经生活一年了…其实我今天有点想家了，其实也不止一点，其实也不止是今天…
Dawn180105,11月17日 22:19,时间过得可真快啊哈哈哈哈。
终究是错过吧h,11月17日 22:01,在我初中的时候，我暗恋的那个人当着全班人的面说我:我不喜欢你，我只是玩玩你。尽管你现在已经忘了，但你不知道这件事对我影响有多大。[多多笑哭]
当下,11月17日 21:40,救命 前奏太像《不能说的秘密》了
哆啦B舻墓适,11月17日 21:39,我喜欢班里的一个女孩 曾经特别想跟她告白 但是我忍住了 我喜欢她过得比我好
不吃大头菜_,11月17日 21:33,其实大可不必又来听这首歌 也不想看那么久评论
杨幂到你家,11月17日 21:33,两男的，以他的名字呼唤他
凉心人170908,11月17日 21:30,不对劲不对劲，新娘。。。后面又是有女朋友
刘念英,11月17日 21:26,知道啦知道啦
64613151,11月17日 21:25,在对的时间遇到错的人，谢谢你，让我遇见了你
奶茶给我尝尝,11月17日 21:24,"你迟早会明白,前途比爱重要."
Love_Tee,11月17日 21:14,haoting
柳如沙,11月17日 20:44,真正懂的有几人，不多，一两人足矣！
Da-,11月17日 20:41,"回程车上，女主就放了这首歌。
之后出了车祸。
男主因为救女主做了三个月植物人。"
Da-,11月17日 20:40,"记得我一开始知道这首歌是因为看了一本小说。
男主追妻火葬场，最后几章才追回妻子。
当初看的时候我观念形成也不太稳定，那本书具体什么内容也大都忘记了。
男主似乎姓藤。
那篇文真的挺虐心的。
男主决定最后再试一次，向女主表明心意，如果她不答应就不再纠缠。
女主没有答应。
回程车上。"
是徐姑娘_,11月17日 20:34,我想你了大石头
月亮沦陷与云雾,11月17日 20:21,原来三年的时间真的很短三年让我喜欢上了一个不应该喜欢的人不应该那么早表白这样也不至于连朋友都没有做也不至于一年多没和你说过话
LVSYQ,11月17日 19:53,嗯，好听
时倾_JIGR,11月17日 00:00,一抬头便是过去式了，呵呵
孤单又灿烂的人_,11月16日 23:50,幸好网易没有访客记录 你不知道我点你头像多少次 听你喜欢听的歌多少次 你也不知道我有多想你
Shevchenko7__,11月16日 23:37,今天偶然间听到室友在外放这首歌，心里五味杂陈
Shevchenko7__,11月16日 23:36,我是一名19级的大学生，大学活动最多的大一被疫情抹去了一半，也让我逐渐丢掉了学习的动力，大学生活从此就变得有些浑浑噩噩，如今已经是一名对未来感到迷茫，恐惧的大三学生。正如热评上说的，老师在大学唯一不可能骗我们的一句话就是大学四年很快，希望我们能够珍惜当下，让自己的时间过得更有意义
想要一点点甜lh,11月16日 23:34,你好，我和你差不多，我想不出意外，我可能会在迎新晚会上唱这首歌。很紧张
系-Cx330,11月16日 23:25,毕业是千万个不同的夏天有千万个相同的故事
Shevchenko7__,11月16日 23:22,正好我也在三年之后看到了你的评论，今年你也大四了吧，时间真的好快啊，我也大三了
耳机是避风港音乐是救心丸-,11月16日 23:21,听这首歌 想起了那个人
Miraitowa_QE,11月16日 22:52,邵，我好想你
一点点190831,11月16日 22:43,看完，军恋的结局在一起是对对方的亏欠，不在一起也不一定是遗憾。我们的环境就是给不了对方最恰当的陪伴，曾经拥有过，曾经用心付出过，曾经热烈过，曾经美好过，看着对方过的越来越好，有了好的陪伴，想想也很值得
我喜欢烧烤,11月16日 22:42,我成功的把我前男友推给了我同学
望欣i,11月16日 22:41,在很久很久之后，我才懂得你重要
一点点190831,11月16日 22:39,"总是在回头看的时候发现时间倏忽走过，步伐太快的让人来不及感慨
最近有了很多时间捋一捋曾经发生的好多事情"
我只听你说-04,11月16日 22:27,不出意外的话 我能看见你时间只剩两百天了
玉壶-狐-,11月16日 22:20,我成功把我喜欢的人推给了我同学……
xxxwidely,11月16日 22:14,学生时代的喜欢就连作业本放在一起都很开心。
Miss__hh,11月16日 22:05,一阵委屈涌上心头，眼泪止不住的流，
云村村民163629623664313,11月16日 22:02,今天是2021年十一月十六日，许个愿吧，如果将来有一天实现了就再回来听听，感觉会很不一样吧。
猫友们,11月16日 22:01,我也想我外婆了
皮燕子-_-,11月16日 20:58,嗯
奶小瓶ovo,11月16日 10:17,很对
ZYRZJBDYX,11月16日 09:47,就此别过，希望你幸福
霉薇-,11月16日 09:21,高一听这首歌的时候是一个室友推给我的，然后那个时候我初中一个朋友在我上高一的时候结婚，邀请我去参加她的婚礼，我在婚礼结束回来的路上一直重复的循环着这一首歌，走了很长很长很长一段路
lrsolitude,11月16日 09:12,"无能为力的事太多了
但自己能做到的就尽量争取吧
多年后想起来
我不后悔??"
非酶褐变-美拉德反应,11月16日 09:10,2021.11.16这首歌依然是我的喜欢
莫知莫问1,11月16日 09:08,顺其自然的另一种解释是无能为力
奶小瓶ovo,11月16日 03:09,你给了我什么 一场空欢喜 一场意难平 
奶小瓶ovo,11月16日 03:08,我抱着顺其自然的态度却偷偷想象和你共度余生
Tianttt-,11月16日 02:08,2021年 11月听到了最想听到的歌
揉揉头好盆友,11月16日 01:29,感谢感谢不客气
Dracula_Q,11月16日 01:03,这首歌是让我想起了她但我现在又遇见了另一个她，不知道为什么跟现在那个她在一起的时候总喜欢听有前那个她的的画面的歌
小小小饭one,11月16日 00:51,谢谢
Q,11月16日 00:49,别让你的努力，跟不上父母变老的速度。
_UNDERSEA_,11月16日 00:13,时间过得真快啊，一下子我们就结束了，我们说好了要在下次下雪的时候一起去打雪仗，要在雪里写下我们的名字，挺可惜的哈哈哈，雪地里的名字不再是我们的了，大雪里的爱也不再属于我们了，但是很开心，遇见你。愿我们都幸福都快乐都平安，都早点找到我们的爱哈哈。
已失去为结尾,11月16日 00:04,因为内向，我把她让给了别人。
仙儿手中抱着的猫咪,11月15日 23:57,我18年高中毕业想唱，然后自己因为不能去读大学因此忘了，现在才发现再也回不去了，可以回到那会儿，我会跟自己的说，一定不要留下遗憾，因为遗憾了，也回不去了#冷门歌曲探索计划#
渡清欢-Evildoer,11月15日 23:38,我都22岁啦，居然还在惦记17岁遇见的那个男孩
因违反规定该用户已被封禁,11月15日 23:37,一模一样
六月湫_X,11月15日 22:54,现实不是电影，断了联系就真的不会再见面了?
MLG_link,11月15日 22:38,留住的，是过往；留不住的，是时间。――我
闭麦-cty,11月15日 06:05,谢谢，你也是
晨曦夕阳Zzj,11月15日 04:45,原来时间见证了很多，以至于到过的每一寸土地，都散落着回忆
572022989,11月15日 02:06,永远开心！
Akzix,11月15日 01:09,高一分班前的最后一次学农集体活动的汇演上我们亲爱的老大和女生们一起唱了这首歌，到现在都还记得
凌弃morning,11月15日 00:23,@Luoo南暖 岁月可以偷掉所有，甚至是记忆。但这条评论他偷不走，我们要一辈子保持联络；若有来世，亦然
独行_4CT2,11月15日 00:09,有时候就想站在风口浪尖 ，除了纵深越下 别无选择。 想着活着有何意义。
我有六个柠檬,11月14日 23:53,永远开心
love-emmm,11月14日 23:31,我会完成您的心愿 长大会好好孝敬妈妈 最后我爱您
love-emmm,11月14日 23:30,我很想您 我的爸爸 明年我就14了 我很遗憾 以后的日子你都不会在我的身边 愿你在那边能健健康康 时间真的太快了 您走了都快一年了 您希望我考上大学 因为这是您对我的期盼 但是我连初中都没毕业 您为什么不多陪陪我呢 可能您也努力过战胜过病魔吧 但是太痛苦了对吧 我会听话我也会好好学习
美女不流泪6666,11月14日 23:27,这首歌在初一时 学校广播会经常放 当时还是住校每天下午就会一边吃泡面一边聊天和听歌 那是最快乐的日子么 我想应该是吧 后来大家都以为各种原因分开 自此之后后会无期
伊默伊默伊默,11月14日 23:24,也不知道屠龙少年还能坚持多久…
-YT-,11月14日 22:47,你要懂得想，世界上有很多东西，有美好的，也有黑暗的，不要总想些不好的东西，要会想美好的，你的好朋友，你的爸妈，你美好的回忆，这首歌我觉得真的很治愈，打消了我那些黑暗的幻想，真的灵感突发就想说这些
项羽本纪_,11月14日 22:39,人才
来这我兜里有糖,11月14日 22:31,谢谢！！！你也是！
精神失常_yCTt,11月14日 22:19,我看着我妈 慢慢的 没有以前年轻 没有以前那样有光彩 她和我说 只要你快乐就好 我听了她的青春
街不尽,11月14日 22:05,之前喜欢一个人，现在喜欢一个人
傻静傻,11月14日 21:29,专升本临沂大学路过
tdghhdvb,11月14日 21:00,
ehH_,11月14日 20:52,开头的滴答钟表声也没有了
无心-916,11月14日 20:45,说实话我想你了，风太大了，迷了眼，剩下的下次再说吧！
凉夏暖笙安,11月14日 01:30,梁，我想你了，或许只有这不被发现
云村村民163621384747732,11月14日 01:18,封面听换了
抹不掉的青灰色,11月14日 01:00,我还是我，我不是我
希望能早点睡吧,11月14日 00:53,害怕天气冷，人也是，语气也是
青春的主儿,11月14日 00:50,至今还没取消，时常翻进去看看可能只是想知道你那里热不热冷不冷，这是我对你又爱又恨的证据
一个大嘴巴子给你,11月14日 00:44,不可能事事都如意，学会与自己和解
袁远渊,11月14日 00:35,二柱子写给鸣人的话
雾江泉美,11月14日 00:17,不知是这个季节忽然让人冷的情绪低落.还是原本心里就藏着许多不尽人意的事
自己要早睡啊,11月13日 23:57,那啥，我以前成绩很差，经历和你现在差不多，不过我现在成绩好起来了，那个女孩就忘了吧，我用了1年半的时间去忘记，前途很重要。
好-好的-123,11月13日 23:54,今天二十四岁了，再听这首歌竟另有一番感悟，时间是让人猝不及防的东西，争不过朝夕又念着往昔，
陈黑花,11月13日 23:54,我深爱的那个人，边上站了一个女孩。
七个名字3526,11月13日 23:15,
咿昂羊_,11月13日 23:11,z.
kikiiiyq,11月13日 23:08,今天，他跟我说，他不爱我了。时间留给我们的是什么，是真心。恭喜自己，重新开始
bjyx_忘羡,11月13日 23:07,出来了出来了
若默培风,11月13日 23:05,好乱的关系，他的新娘和你的女朋友？男男？
清初my,11月13日 23:04,www破防了
K美1,11月13日 23:00,希望大家珍惜所拥有的.别等弄丢了
七个名字3526,11月13日 22:51,不过，真的出来了吗？
七个名字3526,11月13日 22:50,嘿嘿嘿
biu_哒lhh,11月13日 13:54,想了想已经喜欢她八年了
七个名字3526,11月13日 13:52,@bjyx_忘羡 你把两个手指分别放在这条评论的两边，然后往中间划
wasabi0615,11月13日 13:51,毕业十年了……真想倒回去重来一遍
终失暮色千里,11月13日 13:17,我在湖南省祝纳文轩生日快乐！
少年眼里有银河,11月13日 12:04,遗憾吗 我在也不是为了你偷偷写日记的男孩子了
蔡宇航是大帅哥,11月13日 11:51,"把左手 把右手
大拇指 往这划 大拇指
放这里 放这里"
惠里子-,11月13日 11:33,你在西华大学 我在吉利学院 我在她身上看到了你的影子，或者说遇到另一个你，那种似曾相识的感觉，她没你漂亮，但是感觉不骗人。
那颗星星是Leslie,11月13日 11:20,以后你会遇见更适合的，现在的情愫也许并不是爱情，默默放在心底，把它当成青春留下的秘密吧~
满目星河LN,11月13日 10:30,死了就凉了
周小舟1806,11月13日 10:01,有品位的都抽这烟，真好
白勺宝宝,11月13日 08:32,2018年常听的三首歌《往后余生》《说散就散》已经只能VIP会员可听，就剩下这首歌了，希望这里一直可听。不要让我觉得什么都可变，什么都要谈钱。
这个人不太聪明,11月13日 08:09,我在湖南省祝纳文轩生日快乐
丢了带土的琳,11月13日 07:34,烟要少抽 记得好好生活
君不见汝之,11月13日 06:00,我的爷爷 他很伟大 他是除了爸爸外对我最好的男人 他是顶天立地的男子汉 我很爱他 就是用错了方式 我不懂得表达 表达出的爱会伤害对方 我只知道 我很爱爷爷 而我却没能做到最好 爷爷年龄大了 我不该让他为我分心了 我是个女孩 显得和奶奶格外亲密 经常和奶奶出去 爷爷和自己出去的时间寥寥无几
YyzZzyY,11月13日 02:32,这首歌是和她一起听歌的时候收藏的，歌我还在听，只是他已经没有和我一起听了。
夜里看海_2kzs,11月13日 02:13,脾气会改 你的好我都会记着 多的那就是就此别过
假装有名字2004,11月13日 02:06,"打扰一下呀，我朋友马上要过16岁生日了，我想集齐来自全国各地的祝福。
请你们用这种格式:
“我在XX省祝纳文轩生日快乐!”回复一句祝福语可以嘛?
我想给她做个视频，谢谢大家啦，在她生日那天会发在动态里的！
如果打扰到的话，先说声抱歉啦!
拜托拜托啦，谢谢大家啦!"
箫声断何处莫凭栏751,11月13日 01:14,后来啊 科比去世了 edg也顺利夺冠 鸣人也失去了九喇嘛 复仇者也开启了新冒险 新冠也还没结束 没有什么遗憾的 我们都带着遗憾去向往未来，可未来是否是我们想像中的未来呢？
旦旦914,11月13日 01:10,得之我心，失之我命……
马匹神仙,11月13日 01:01,人真的可以好多年毫无长进。
雨凉年秋,11月12日 16:49,一首歌祭奠我死去的初恋，一个没有责任心，说谎，劈腿的前任。纪念我的付出 信任 忠诚。我是不幸中最幸运的女孩子，不幸于渣男劈腿，幸运于发现的早。
选修浪漫,11月12日 16:39,能够握紧的就别放了
凌晨君1997,11月12日 16:37,岁月神偷，请告诉樱木，我还在等待他出征全国大赛
嘻嘻_LL02,11月12日 16:08,我要怎样表现你才能知道我在想你
双意paxl,11月12日 15:30,一直喜欢
流连虚无,11月12日 15:25,喵喵喵
忍者三娃,11月12日 15:05,2020年的十一月 我在怀念 我在后悔 直到2021年的十一月 我还在怀念 还在后悔
YCJS山,11月12日 14:48,2021.11还有人听吗
Faded0114,11月12日 14:44,唉，不管多少年听着都有感觉
jl南风知我意,11月12日 12:54,202111.12有没有人回来听的
Annncn,11月12日 12:24,课代表在此 表示真的练就了这个能力 就连谁的字什么特色我都知道
青衫不负旧佳人,11月12日 12:21,11月还在
姑奶奶喵kk,11月12日 12:10,谈过两次，无一例外，无疾而终
灰亡谷,11月12日 12:02,11月也有
焦糖小欣0904,11月12日 11:46,十一月还在听
雨天_CVGM,11月12日 11:31,你不是一个人
请叫我独行侠吧,11月12日 11:03,在听
无爱者了,11月12日 10:56,2021年11月冬天了，还有人听这首歌吗？
十六翼流氓大师,11月12日 10:50,没钱，真的不要去谈恋爱，耽误别人，什么也给不了（除非真的是什么也不要的爱情)，努力挣钱吧，永远有20岁的姑娘
光耀十三州府,11月12日 10:43,庆幸，今安在(*^_^*)
阳溪隐白,11月11日 21:04,我希望你也永远开心
海\王咦-哦雷瓦拿噜,11月11日 21:01,人们永远不可能永生，因为当你自以为永生的时候，那些人和事早已远去
三日月大造,11月11日 20:55,这首歌每次一听，就感觉回到了2016年上大学的时候…
李兴涛烂泥扶不上墙,11月11日 19:23,"?
??
??
? ?我希望正在读这句话的人永远开心?
?
?
?"
时间1202,11月11日 19:16,那年的我才17岁，为了见你一个人坐火车去外省找你，整整坐了16个多小时。那时候在火车上就一直听这歌听了一晚上，现在的我22了，而你已经不在了。再次听到这歌的时候还是会是会想起你
少年于酒,11月11日 18:52,秀儿
用户627306639,11月11日 18:45,你说枯木逢春 我说生不逢时 你说生不逢时 我说时不逢人 你说时不逢人 我说逢人不是你 假如有下辈子 我希望枯木逢春 我逢你
呷呷小林,11月11日 18:45,时间真的猝不及防，外婆已近九十，记忆严重衰退，经常记不清孩子的名字，记不清回家的路，记不清刚吃过什么，上没上个洗手间。等到身边人都渐渐离去时，人生还剩些什么呢。大概只剩下你对别人的爱与好是否能抵过岁月中的琐碎和烦杂，时间真的可以洗涤世界的魑魅魍魉，最后只剩下一些真切。
涵92a,11月11日 18:20,等等，女朋友？
遗憾吗_lgDH,11月11日 18:19,他在吗
Hyhuuuu,11月11日 17:33,真的真的？能不能分享啊？
狂沙曼舞1992,11月11日 17:32,有两种可能性，一种是现在女女，一种是当年男男
于枫与我,11月11日 17:26,真心祝福你
_肥菲,11月11日 17:09,后面的让我猝不及防
玉子太可了,11月11日 16:51,读了一遍，又读了一遍，......
不喜欢吃晚饭,11月11日 16:28,唐，请你看星星吧，虽然只有我能看到了
Top熙,11月11日 14:20,因为这首歌跟我老公相识的，结婚2年多了，每次听到都深有感触
不求不望,11月11日 14:13,你是唯一的柔软的干净的，天空一样的#冷门歌曲探索计划#
王思言i,11月11日 13:46,加油，一定能一站上岸，都是岁月留下的痕迹，此生不悔。
江鱼儿A,11月11日 13:24,大七
船舷,11月10日 20:36,可是我并没有什么特别的是单眼皮不是很瘦皮肤也不好也很自卑接受不了很多人看我的目光理解不了他们在背后议论我也不是特别会说话所以我的青春也一直这么普通平凡也惊艳不了谁
我XIAXIA,11月10日 20:34,有啊
科学的记住我,11月10日 20:11,14年听到现在，喜欢这独特的声音
龙王1hh,11月10日 19:58,11月
怀九京,11月10日 19:51,比起苦和累更害怕时间不够
DdzzzzF,11月10日 19:46,now
在线求一个女富婆,11月10日 19:41,宝，爱你爱你，好好爱自己哦
夕惜兮,11月10日 19:25,11月了还在听
最爱巧克力z,11月10日 19:17,谢谢你，但是开心不是一句话就可以解决的
愤怒的mmy,11月10日 19:11,心里有忘不掉的人就别去打扰别人
最爱巧克力z,11月10日 19:10,还记得在19听这个歌，和她一起听的，听了很多很多遍，但是当时她学习好，我只是一个连一个普通高中都考不上，而她确考上了市里面的重点高中，现在我知道她在哪，和谁，但她不知道我，虽然我现在有女朋友，但是我心里知道，我忘不掉她，我也对不起现在的女朋友，只能在这里说说心里话
木樨_0RHU,11月10日 19:10,有的
玲娜贝儿的贝儿,11月10日 19:08,世界那么大，总会有一个人将你好好收藏，好好爱你～过去就送给岁月叭～未来要开心喔～
l颜枫l,11月10日 18:42,"还有人在听这首歌吗？
2021.11.10"
赊,11月10日 18:27,"高一我们是同桌
那天晚上她要转学走了，
最后20分钟她告诉了我
我好多话想说，却又不知道怎么说
我们一人一只耳机听这一首歌到放学
她开始收拾东西，我站在她旁边不知所措
第二天早上我看着这空荡荡的桌子发呆了一天。
我瞬间少了好多东西
从此这首歌也成了她的限定
五年了 ，每次听到就好像回到了那天"
树上有只熊_lJGO,11月10日 18:23,花已经枯了 在给它浇水 都是多余的.
放假的第一天绝对不可以声张,11月10日 18:23,当然有
麻烦有点皮,11月10日 17:39,年轻人别emo了，蹲一个秦皇岛的朋友，男女都行，要去那上班了，一个人太孤独
十之八九i,11月10日 17:06,曾江澳 回来吧
西木子_,11月10日 16:58,我希望在岁月的长河里，你一直在我身边。
新说唱隐藏冠军,11月10日 00:27,部队可以玩手机吗
氵林霖,11月10日 00:26,能够握紧的就别放了
新说唱隐藏冠军,11月10日 00:24,11月
赫之-,11月10日 00:23,暧昧个屁，你上学的时候没几个玩的好兄弟啊！别一看到男生和女生讲话就想那么多！
思凡FREE,11月10日 00:06,
蟹倪1811,11月9日 23:57,希望你也是
xx5567,11月9日 23:54,十一月了
盛夏西瓜冰阔乐,11月9日 23:25,2021年11月9日深夜，你一个不看网易云的人，应该看不到这条消息吧，11月27日那封信是不是觉得很讽刺啊，可是我也很想再牵着你的手，吃着你做的菜，听你唱的歌，跟你在一起很久很久，久到头发斑白啊，但是没有那么久了，我生病了啊，陪不了你那么久了，或许没有理由的离开对你而言，会让你心狠一些吧
静风随心,11月9日 23:24,这首歌是不是受损了
Oceans129,11月9日 23:23,抱一抱
南海闻鲸落-,11月9日 23:13,谁呢
会好吗05,11月9日 23:03,你变了好多好多 你变高了变瘦了变得比以前更帅了 也不爱笑了 可还是有很多人喜欢着你 有一瞬间我都快认不出你了 那你还会记得那个以前喜欢揪我辫子 一起罚站 陪我哭 逗我笑 每天都粘着我的你吗 也还会记得那个一句喜欢都没说出口的我吗
陪楠看花海ba,11月9日 22:52,2021年11月9日 还有53天就2022年了 时间过的真快啊，他也不在了
FFFFZ100,11月9日 22:38,张张，我从不后悔遇见你，但是如果再来一次真的不要遇见了
八刀-尸云,11月9日 22:31,难道说不可以就不喜欢了吗
姑娘我是被吓大的,11月9日 22:29,还有不到三个月就要过年了，请问我能找到我的Mr.right带回家去炫耀一把么？
故里看长安,11月9日 22:07,"打扰一下呀，我对象马上还有不到两个月就过生日了，我想集齐来自全国各地的祝福。
请你们用这种格式:
“我在XX省祝孙媛媛小仙女生日快乐!”回复一句祝福语可以嘛?
我想给她做个视频，谢谢大家啦，如果打扰到的话，先说声抱歉啦!
拜托拜托啦，谢谢大家啦!"
为何为人为她,11月9日 22:02,十一月
自己喜欢的样子,11月9日 22:00,有的，突然想起了球姐，就来了
不是山川呀,11月9日 21:45,有的
巴士集团久事公交,11月9日 16:34,时间是让人租不起房的东西
冬野hu,11月9日 16:01,纵然似梦啊
Vineghh,11月9日 15:11,听到这首歌我就想起17年冬天那一天我走在马路上突然有人从我背后抢走我的手机[多多大哭]
晏如许,11月9日 14:53,真・网抑云
奶味蓝-,11月9日 13:31,不是，以前的封面呢？
平凡的大烟枪,11月9日 13:25,听哭了
公子好忙,11月9日 12:34,11月也在听
小苡_,11月9日 11:30,每每听到以前的歌都会很伤感
冰可叻,11月9日 11:13,我好怀念以前那个封面
15块的牛栏山,11月9日 10:25,考研成功！
小李也很棒_NE4W,11月9日 10:20,当时听这首歌 只是纯碎歌好听 经过拥有而后又失去 现在再听听 又是一种不同的心态
宝藏-,11月9日 09:02,十月初五，生日，祝家人平安，世间美好，祖国早日收复台湾。
F_J_L_W,11月9日 08:44,姑姑大我5岁，姐姐大我6岁。姑姑要结婚了，但姐姐和我都不想长大。
格语爸,11月9日 08:29,是你吗.秀儿!!!!
网络音乐控,11月9日 07:18,没上过大学的我不配听这歌
烟非烟雨亦雨,11月9日 04:23,[多多比耶]
PengWieJia_,11月9日 02:51,都是好的开始
转身闯荡现实-,11月9日 02:49,可真的好想见见，见见那些热烈的青春
风中的一个枫,11月9日 01:30,昨晚喝了点酒，时间有点晚了，刮了很大的风，打车回家，师傅车上就放着这首，那时候车里很安静，窗外的人与物渐行渐远！
-林随意-,11月9日 01:07,高三同班，毕业恋爱，异地分手，四年后回到一个城市重新在一起，三年后吵架分手，两年半后再次在一起了。11年了，整个青春，岁月没有偷走你。今年，我们要结婚了。
怎能如此错过青春,11月8日 15:14,时间是让人猝不及防的东西..
绚学长,11月8日 15:09,"不要错失白天的太阳
又缺席夜晚的星星"
抛开性情,11月8日 14:39,那年我六岁 cf正风靡网络，可在前日看到了edg夺冠的消息，今年我17了，已经坚持这个游戏11年了，希望下个月cfs世界赛也有人支持我们中国队，这个游戏在以前也像英雄联盟一样火过，那不是我的青春是我整个童年
红小豆他爹,11月8日 14:19,认识了32年。相恋了12年后结婚，现在孩子21岁了，可是我们却分开了一年了！并不是爱上了别人！
Silen40,11月8日 14:07,之所以放了，就是因为没有握紧。
小小橘子LN,11月8日 11:21,听了102遍的歌，感觉过了一个世纪
皓凤吖,11月8日 10:17,会的
池边心恋,11月8日 09:27,兄弟，你现在等到了EDG
hh公BPd,11月8日 08:21,应该是你和别人的爱对他如波涛汹涌。
曹某不是曹总,11月8日 04:49,这是卢丽娟最喜欢的歌.
211014S,11月8日 04:14,"把左手 把右手
大拇指 → 往这划 ← 大拇指
放这里 放这里"
小羊就在这里,11月8日 03:37,时间已经证明了我的爱不是一时兴起
喜剧180429,11月8日 01:12,奶奶我好想您啊 您能不能常来我梦里啊。我好想再摸摸您的脸 我好想您啊 求您了 来我梦里
御坂美琴xk,11月8日 01:04,年少不懂曲中意，再听已是曲中人
廖洋熙,11月8日 01:01,我能够控制对你的感情，我们都过好彼此的生活
老王QAQ_,11月8日 00:56,"?
??
??
? ?我希望正在读这句话的人永远开心?
?
?
?"
连倩_,11月8日 00:43,你也要开心，一直开心，永远开心。
帐号已注销,11月8日 00:32,我这般爱闹的性子 终究被打磨成如今寡言寡语的样子 活该
你好msrya,11月8日 00:14,加油
你好msrya,11月8日 00:13,我和甜甜第一次一起听歌，但没有最后一次
喜欢你is,11月7日 16:02,好的坏的都是风景
韵酱926,11月7日 16:01,OK
WHKYZD,11月7日 15:40,前面滴答的声音没有了[多多大哭]
用户3989024321,11月7日 15:32,你很好是他不配，加油陌生人
用户3989024321,11月7日 15:31,伶
他也是过客-_-,11月7日 14:52,好多人替代了好多人 好多人忘记了好多人.
从心便是怂,11月7日 14:21,他是男的，我也是。
彷佛命中注定般,11月7日 14:00,@第二排架子上-
第二排架子上-,11月7日 13:51,@彷佛命中注定般
DU_Su_H,11月7日 13:34,一起开心
韵酱926,11月7日 13:32,今天是立冬了 和任浩杰在一起已经109天了跟他在一起不是太幸福也没有很浪漫没有别人想象中的那么幸福 他也不会在乎我会不会生气 他和女的双排暧昧我都知道 我一直都在欺骗自己 不愿面对 我没能考上理想的高中 去上了卫校 为了见到他每天能看到他 我去了他城市的一所医院实习 以后分开就祝他如愿以偿
申,11月7日 13:16,我真的好想她们好想二中
申,11月7日 13:16,原来时间过得那么快
申,11月7日 13:15,这首歌是我初一元旦汇演是我朋友表演的歌，她们排练的时候我总会去给他们送吃的和奶茶，天天都听。现在我考上了创新实验班，离开了二中，现在听这首歌我只是觉得我很想她们了
原神-魈,11月7日 13:09,所以这几百年都在划水，练了几百年，连个人类幼崽都喷不死??
子仪h,11月7日 12:47,每个女孩子都有自己的美 这不是一句空话 是一句实话 总会有人欣赏你 美的方式很多 不止有莫名其妙的主流审美
hellozgh,11月7日 12:28,回来补考?
lchenre,11月7日 12:24,恭喜
玺玺_jennie,11月7日 11:50,谢谢
狗头_TOke,11月7日 11:40,我怎么感觉跟以前听得不一样了
北钟行烟绫雨尔,11月6日 21:02,但说明他很重视他的对象不是吗
船舷,11月6日 20:33,人不该期盼那么多的
船舷,11月6日 20:33,算了吧 我现在只想上个高中 所以剩下的我也不在乎了
船舷,11月6日 20:32,可是我还是那么简单永远做不到谁的唯一也是那么容易可代替
有梦别贪睡,11月6日 20:28,这两件事没有因果关系
yzyzjzn16,11月6日 20:14,"现在上高中啦
再听到这首歌
满脑子都是我和你没有结局的初中"
简单瞬间你可真不简单,11月6日 20:00,好想回家，回我的大四川，害
山园奶冻卷吖,11月6日 19:47,其实第一次听这首歌是在2017年的血液科，当时正在打化疗，一位高高瘦瘦的姐姐刚刚入院在我旁边的床位上，我记得那天几个实习医生凑在一起说晚期了，可那个姐姐不知道，后来过了一个月这个姐姐就去世了，人世间啊，我只要你平平安安的
丢了快,11月6日 19:44,谢谢你也是
猪耳朵一号,11月6日 19:43,"为什么我感觉
伴奏不一样了"
DeNG10_,11月6日 19:32,谢谢 你也是.
星夜行船,11月6日 19:21,爷爷身体一定要健健康康的啊，希望我的外公外婆也是
温柔养猫人y1807,11月6日 19:13,[多多难过]
东枫结局,11月6日 19:01,谢谢
洛必达也不可以吗,11月6日 18:54,谢谢
雷狮的裤缝线,11月6日 18:53,淹死概不负责
小酸奶mm,11月6日 18:39,很想念一起的时光 说好的会一直在
无聊_X8TT,11月6日 18:18,秋风起时，少年归来。银河战舰，扬飞起航。 希望看到这条信息的人都能保持初心，一直坚持下去。
残城碎梦Emotional,11月6日 18:15,谢谢。你也要哦！
mfkhimkr,11月6日 18:03,最是人间留不住，朱颜辞镜花辞树。――王国维《蝶恋花》
方糖2109,11月6日 08:44,岁月悠长，希望我们都能守住它。
人畜无害Mr_王,11月6日 07:05,封面换了，爷青结
秃头鹅_解忧树洞,11月6日 06:47,刚开始听这个的时候还什么都不懂，而现在..
Lyh叫我土豆啊,11月6日 06:05,对了，我今年毕业了
把夜熬死i,11月6日 06:02,时间在不断筛选你身边的人和事 不会有人永远陪你 但永远会有人陪你
胖星星呐,11月6日 04:29,这是你曾经听的歌
亦随风qu,11月6日 03:10,想太多
小酒清茶lu,11月6日 01:34,时间在走，年龄在长，懂得的多了，看透的多了，快乐也越来越少了。不得不承认，时间改变了很多人、甚至很多事?
的难情,11月6日 01:23,不发消息就是我不在啦
的难情,11月6日 01:22,后来才知道，敲不开的门，再敲就不礼貌啦
约在桥头,11月6日 01:19,我喜欢这首歌 我会唱这首歌 好多好多年以前
Rogerost,11月6日 01:00,四年前在小区门口一起等车送我去机场 你坚持要和我去机场我拒绝了。我不想让你一个人送走我从机场回家走那么远的路，我上车以后我回头看见你捂着脸蹲在地上哭 我也任由眼泪狂飙心里咒骂这该死的异地恋，落地沈阳你给我分享了这首歌 说你这辈子再也不想要离开我。可你现在怎么忍心把我推的这么远。
木留青山安,11月6日 00:49,谢谢，你也是
R柒柒-,11月6日 00:45,埋在心底叭 大家都要向前走。
R柒柒-,11月6日 00:43,祝有爱者有爱 无爱者自由。
很想王一博a,11月5日 23:34,2021快要结束了 还记得2020跨年那一年 2018年的夏天 一切都不复存在 愿以后的我越来越好 不要再意气用事
很想王一博a,11月5日 23:30,确实好快啊 所有经历都历历在目
小冯冯tel,11月5日 23:21,希望我们都能稳稳握住当下的幸福@steadyflow @巴拉巴拉_PxaJ ，不管是友情，还是爱情我们都要好好的把握住，加油宝子们！
我叫旋儿,11月5日 23:20,情种
babalalahei,11月5日 22:52,以前的版本好听写
彩笔圆周率1412,11月5日 15:53,还是喜欢以前的封面
忘,11月5日 15:48,岁月就像一把刀，总能够措不及防的伤害你
醉梦忆流年似水,11月5日 15:32,生日快乐呀
想吃番茄炒饭,11月5日 15:05,生日快乐
飞行--日记,11月5日 14:50,有些音乐，我们听不了，因为可能对我们来说，它不止是音乐，最怕同样的季节遇到同样的音乐，那时候你把MP3的一个耳机偷偷从衣领后穿过，挂在耳朵上望着教室窗外，嘴角上扬，而现在坐在办公室挂着无线蓝牙耳机同样望着窗外，仿佛又看到好久之前窗外的那只蝴蝶，时间真快，让我们措手不及，30岁，你好
重回幼儿园做老大_hhh,11月5日 14:26,元旦晚会准备唱这首歌[多多耍酷]
我想吃胖点QA,11月5日 14:21,青春，28啦，真快啊
知难而易,11月5日 13:40,我也是删了她城市的天气预报
知难而易,11月5日 13:39,今天是我20岁生日，还没有一句祝福，其实也不重要，我只是有点儿想知道她是否还记得，虽然我和她之间已经没有了任何关系，也没有了联系。
不要吵我睡觉呵,11月5日 13:01,真猝不及防
LZY_,11月5日 12:44,谢谢你也是
果木园555,11月5日 12:18,a
慎鸸,11月5日 12:16,匆匆那年
速比杜比,11月5日 11:54,啊对对对
Elainefjia,11月5日 11:52,两年后，我们又重逢了，失散与重逢真的是一个圈，原来我们都在进步，兜兜转转我们又回到了原地。放在心里的话，终于说了出来，我们的友情，是按年来计算，还好我们都没有放弃彼此。??
Ge是我yan,11月5日 11:46,我取消了他城市的天气预报[多多大哭]
陌上花已开-CC,11月5日 10:58,请说出你的故事
SunnieYoung2018,11月5日 09:45,希望你妈妈早日康复?在一起的每一天是幸福?
#NAME?,11月5日 09:38,为啥感觉听着伴奏和以前不一样了
MY成都,11月5日 08:44,岁月不是偷走爸妈青春的小偷，我才是
pys呆呆地,11月4日 20:12,男男？？
还在机场等船吗_H,11月4日 19:47,时间偷走了我好多东西 偷走了我的亲人 偷走了我的朋友 偷走了我的爱人.
可乐不能喝可乐呢,11月4日 19:38,一别两宽
酒糖书屋_,11月4日 19:12,可是多坑真的很累 可是我又那么喜欢他们…
Jisoo_iy,11月4日 19:04,为什么追星会这么累啊，我只想开开心心的追星就那么难，同担都能撕起来，他们几个怎么熬的呢，我可能抗压能力太差了，我真的累了，或许我该停下休整一番再考虑要不要上路了
Twilight--king,11月4日 18:56,每次听这首歌，总会想起刚上大学那会。那个人每天给我发消息，我们相互分享自己学校的点点滴滴，他会因为别的男生给我买东西而吃醋，也会跟我好朋友比较谁对我好。后来，就渐渐变了，他不再找我了。他说，我是他第一个喜欢的人，但是在我这里得不到任何回应。其实，他只是没有感受到我汹涌的爱意罢了。
鸡儿割,11月4日 17:59,听君一席话如听一席话
今朝夜闻笛赋focus,11月4日 17:26,树欲静而风不止 子欲养而亲不待，加油吧
神明de约束,11月4日 17:17,你也要开心鸭
木白三每文,11月4日 17:11,666
爱玩游戏的大哥,11月4日 16:45,谢谢，你也是
本尊于晏,11月4日 15:31,我们都会的
晨曦微梦Cathy,11月4日 15:01,坚持下去就好了
晨曦微梦Cathy,11月4日 15:00,六级加油啊
-smallnew-,11月4日 12:21,网抑云，果然一翻评论全是致郁系，哈哈
Fu_Xinjie,11月4日 11:43,我不后悔遇见你，就是遗憾没有陪你到最后。
W浮华之世W,11月4日 10:21,小时候总幻想长大 长大后却回想曾经，小时想的是未来烟火，世界繁华，长大想的是曾经岁月，遗憾错过 愿我们
FEIi_______,11月4日 09:38,真的太累了，累到情绪不好了，不知道现在的一切都有意义么
你就是最好_,11月4日 09:20,时间过的好快啊，仿佛昨天还在初中时候，身边朋友都结婚有孩子了，而我还在打瞌睡一样迷茫不知道干嘛
如果麦孑熟了,11月4日 08:12,有些人其实你已经见过最后一面了
第三世界居民,11月3日 09:08,你多少有点毛病
云中-5th,11月3日 09:06,前女友最喜欢的歌之一。七年前分手那个夜晚，我左边耳机里就是这首歌听了整整一宿，右边耳机里是她和那个男人宾馆里录音。前天听到消息，她因为买了一条500块的裙子被老公打了之后喝药自杀了，我现在月薪三万还保留她的照片再没交过女朋友。明年我会买十条同款裙子，在她墓碑前烧掉。
古德熊宁,11月3日 08:40,那就取决于你还想不想保持你的素质。保持好心情?
Archer_SISU,11月3日 08:22,时间真是个让人措不及防的东西
Archer_SISU,11月3日 08:22,还记得第一次听这首歌我还在上初一。。 再过一年就要参加高考了 到时候 不再被 未成年人保护法 保护了。
迪丽热巴的小跟班,11月3日 08:03,G咦，遇到毫无素质可言的同事，该怎么办？求大佬支招……
努力的时光_,11月3日 07:40,永远真诚 永远简单 日子和我都会发光
那个上尉和阿申巴赫是一伙的,11月3日 06:01,突然想起一个女生，2017原来过了这么久了啊
裂开的豌豆,11月3日 05:55,我微信3133
小l爽子,11月3日 04:35,见过花开就好了 何必在意花落谁家 又何必在意花为谁开 至少有一刻你是闻到花香 体验到了这一刻的浪漫.
#NAME?,11月3日 04:33,还记得第一次听这首歌是老师给我们唱的，当时闹着问同学歌名，如今已经初中没毕业就踏入社会两年多了
诺诺_PDlj,11月3日 01:27,太难了
笙歌嘹亮随风去,11月3日 00:55,最爱我的爷爷走了，我因为疫情防疫不能回家。我多恨当时填志愿时的自己啊。
今朝残月明夜艳阳,11月3日 00:27,我们都没谈过，初中一起同桌2年高中同校不同班又快三年一直不敢对她说。快要毕业了怕影响她学习状态，回来听别人说她也一直在等我。我觉得我好傻，后悔没有早点告诉她，不过应该还来得及。
月吉蠢鹿,11月3日 00:24,OK
ideaMQ,11月3日 00:18,真的 深夜翻评论真的太真的了真的真的真的真的真的真的
甜啊甜c,11月2日 23:57,有
y_哦,11月2日 23:54,[多多难过]
章鱼哥H,11月2日 23:45,2021年11月了还有人听这首歌嘛
风绪vor,11月2日 23:42,小孩不懂事，小孩的爱很廉价，所以小孩天天哭
伪度-,11月2日 00:17,这首歌是不是重录过呀 感觉和以前听伴奏不一样了
咔咔发2333,11月1日 23:55,都说高三很苦，却在那年岁与你们一同书写青春，我觉得很美・。
维多利亚诗人,11月1日 23:14,嗯
marrybrother,11月1日 22:58,一年毕业的，同学你还好吗？
#NAME?,11月1日 22:34,她是我小学同学，是我的上桌，我老拔她头发，导致现在发量有些少
绝怼不挂科,11月1日 21:43,加油！
小陈很大力,11月1日 21:41,我不再是那个我，而你也已经不是那个你了，在你心里我不再是那个小孩子了。我会成长，会好好生活。
冷月岱,11月1日 21:30,为什么是阴有时雨，不应该是阴时有雨吗
在听音乐的爸爸,11月1日 21:29,今年大三 今天听讲座的时候突然想听这首歌 不是emo 就挺好的 其实这首歌挺温暖的
李大宝--_,11月1日 20:58,哈哈……哈哈……长久的爱情是个奢侈品啊，比任何都奢侈！
TheSuperHeroZhang,11月1日 20:37,他很爱你好好珍惜啊
没什么了l,11月1日 20:37,不知不觉大一已经过去一年了 现在也是大二了 时间过得真的很快 不知不觉已经这么长时间了 经历了很多事情 也认识了很多人 怎么说也是个完美的大学生活 明年四月份就去实习了 哦对了 学的护理专业 还记得从初中到现在么 一转眼都要实习了 加油吧 陌生人们也加油吧
fourteen涵,11月1日 20:13,生日快乐
欣MM儿,11月1日 20:12,想说头像很眼熟，很像已经毕业的学长
的难情,11月1日 19:35,时间在走，岁月在变，我们还保持着当年的初心
的难情,11月1日 19:34,生日快乐呀
憨小陈_,11月1日 18:45,加油?宝
重力势能,11月1日 18:14,今天刚吃诶嘿嘿
木石zzZ,11月1日 18:08,今天生日来打个卡，好的坏的都是风景
起名字的文采,11月1日 18:05,"“吃冰糖葫芦吗？”
“吃。”
“那我去买。”
“好。”"
李小亚11,11月1日 00:29,这像是讲的职场
浅海未蓝,11月1日 00:11,"岁月是一场有去无回的旅行，好的坏的都是风景，hzm,感谢我的青春有你陪伴，真希望一路有你。"
冬风烈_,10月31日 23:58,别让爱你的人失望
Sp好酷,10月31日 23:57,多好听的一首歌，为啥高中的时候我室友偏把它当做早起闹钟啊，关键是响了还不关！！！现在一听浑身鸡皮疙瘩
冬风烈_,10月31日 23:52,别让爱的人失望
lurrrrrrrrr,10月31日 23:51,时间也偷走了我的爸爸
M迈汤圆J,10月31日 23:48,想的美
小高与小小高,10月31日 23:29,高中肄业单招到大专，新生第一年参军，因事故无优秀士兵的我，很高兴我今年顺利以正常全日制考试通过专升本，感谢国家和父母的支持，人生虽有不如意事常八九，我很高兴认识了洁哥，我的贪心也越有目标，俗话说得好撑死胆大的，祝愿2023年考研人都考上自己的梦想，士兵计划西藏大学～高扬
wenyc咯,10月31日 23:25,听说双相做了mect就会失忆 我早该去做一下 就像电脑的delete …
yuoker,10月31日 23:18,上周交了毕业论文，转眼硕士都要毕业了，这个世界对男生成长的速度要求太快了，买不起房，谈不起恋爱，职业天花板似乎触手可及，初出茅庐势单力薄的年轻人靠一腔热血真的能撑起家庭和未来么？
111是雾总会散,10月31日 23:08,生日快乐
夏夜微冷独怅惘,10月31日 22:56,2021.加油 爱 李岱玟
北海以北半度微凉啊,10月31日 22:54,我的青春结束在了20年爆发的疫情里
Monday-593,10月31日 22:51,时间是让人猝不及防的东西，晴时有风阴有时雨，争不过朝夕又念着往昔，偷走了青丝却留住一个你，岁月是一场有去无回的旅行，好的坏的都是风景，别怪我贪心只是不愿醒，因为你只为你愿和我一起，看云淡风轻，
Monday-593,10月31日 22:51,时间是让人猝不及防的东西，晴时有风阴有时雨，争不过朝夕又念着往昔，偷走了青丝却留住一个你，岁月是一场有去无回的旅行，好的坏的都是风景，别怪我贪心只是不愿醒，因为你只为你愿和我一起，看云淡风轻，
菅田小婷_,10月31日 22:21,顺其自然吧
菅田小婷_,10月31日 22:21,可能只是一时兴起吧
雾散了_likeyou,10月31日 22:12,没有人能走进我心里 . 也没人带着真诚来好好爱我 . 大家都画大饼 . 都一口一个承诺 . 都装作很爱 . 于是我不想爱了 .
SH-Slytherin,10月31日 22:06,我觉着是珍惜眼前人
蜜桃青檬水,10月31日 22:00,高二的时候对着她唱的这首歌，她还笑着问我以后会不会娶她，现在大二只能听着这首歌才能想起她
多多喝养乐多,10月31日 13:51,本以为时间可以忘掉你 不过好像并没有而是越来越想想念
依依是萌新呀,10月31日 13:33,2年真短啊......你的话我会一直记得
真就不知道取啥名,10月31日 12:46,加油！不知道现在怎么样了，但我相信你们一定可以挺过来的！
专一的李某人,10月31日 12:13,猝不及防的结尾
__桃气波波,10月31日 11:42,好焦虑哦
阿青_qmOC,10月31日 10:33,发过的
秋日末年,10月31日 10:17,这个是什么调，要参加校园歌手大赛，求帮助
倾耳听_sh,10月31日 09:40,爷爷奶奶，好想你们，好想和你们说说话
满眼星河lzh,10月31日 09:34,57_
Skyking彡1805,10月31日 09:32,换了种身份更好的在她身边保护她
小王想听歌啦,10月31日 08:53,好好听[多多大笑]
隋_棠,10月31日 08:50,如今已经静不下心听完这首歌
背着喜之郎的太空流浪者,10月31日 08:35,nt
A硝酸甘油,10月31日 08:11,活到今天所有的后悔和自责都留给妈妈，在我刚刚要懂事的时候，却再也看不见她了
_追__,10月31日 07:47,现在的时间格外短暂又珍贵
Avocado_cc,10月31日 07:46,还有一个多小时??就变成冬令时啦！俺多偷了一个小时
释然190406,10月31日 05:54,珍惜现在的时光，很荣幸你是陪我走到白发苍苍的那个人！
Melodyremix__,10月31日 04:35,万分感谢
洛城老哥,10月31日 04:00,综合老几个咖的风格！但是关键还是不是纯模仿！有自己的风格！这就是差异！之前听个歌，今天又听新歌！美妙！只能这么说！
洛城老哥,10月31日 03:58,神了
座瓶水是我惜可,10月30日 22:07,赫冼张掉戒何如
#NAME?,10月30日 22:02,@眼里有星光-- 那就找一个评论多的音乐吧 我想大声告诉赵慧艳 就是我现在的女朋友 我们一定会结婚的
Chamomile-wyy,10月30日 21:30,黎明星要永远爱萧何?
遇-R-,10月30日 21:22,因为水火无情
石溪伢子,10月30日 21:06,美丑是没有标准的，重要是你怎么想
z张小山,10月30日 21:05,2021年10月30日。我在
RAN然尬,10月30日 21:04,"满地金黄的银杏叶，紧紧扣在一起的双手，你的齐耳短发，操场边体考的加油声，落进教室一角的日光……
很想你们，真的，很想那段时光"
RAN然尬,10月30日 21:01,"这是初中的时候唱过的歌，记得那个时候班主任很严，我们每天也都超级累，但都几个很好的朋友，虽然也吵过架，虽然也会疏离，虽然合合但最后毕业快门落下，照片里紧紧挨着的还是我们，放学后想相互说再见的还是我们，约定永远不要忘记的还是我们……
突然又听到这首歌，好像曾经熟悉的一切又扑面而来"
三希莫子,10月30日 20:49,[多多大笑]真在听
就叫hoyi好吧,10月30日 20:29,有的 10月30日
10月30日谢谢王文郡,10月30日 20:22,有啊
Cz幸_,10月30日 20:18,抱抱 加油啊
Cz幸_,10月30日 20:17,谢谢你
孙786942,10月30日 20:10,只要不死
依东芙蕖,10月30日 20:07,当然有啊
小腕豪,10月30日 19:46,当然了
#NAME?,10月30日 19:35,高中的闹铃 好像回到高中呀 和我的好姐妹一起 好想她们 现在大家都在不同学校很少见面了 过去的时光真的太美好了
泊砚yan,10月30日 19:35,骗婚gay
幽灵少女er,10月30日 19:33,是什么时候起，我不再渴望长大，只希望时间过的慢点再慢点
安夏r,10月30日 19:27,好久没听了，竟然换封面了，好漂亮啊
自由从此不再自由,10月30日 13:23,诶，我算一算，俺好像也是2023高考嘞。浙大冲！
云村村民162011252928165,10月30日 13:20,谢谢！你也是
幽南-_-,10月30日 13:15,有的
深不见底的海98,10月30日 13:14,当然啦
武陵捕鱼人人,10月30日 12:51,时至今日，终于敢听一听这首歌，也终于敢拆完了所有的胶囊，真的很多年了
Nukk,10月30日 12:40,这个是不是改过了，以前听好像不是这个伴奏
小瑶nicey,10月30日 12:31,加油！
#NAME?,10月30日 12:13,有
Lx_0717,10月30日 12:12,PL品质
你还爱他吗_GYcG,10月30日 12:00,“一个破账号你还要看多少遍”
捏捏肥脸_yyqx,10月30日 11:45,Y 我炽热的心脏永远为你跳动
看过千亿山和水,10月30日 11:35,前进的动力，加油未来可期
原神-魈,10月30日 11:31,1000万个尾巴，它不香吗？（手动滑稽）
攸攸小笨蛋,10月30日 11:20,对啊。
lll岢lll,10月30日 10:59,男朋友收藏这首歌了 我们要分手了吗。
y向远y,10月30日 10:54,我说这歌版权哪去了，原来在网易云?
烟花绊N温柔,10月30日 10:44,已经分不清是喜欢还是执念 误打误撞的喜欢却没想爱意如此汹涌
等你的七月与长安,10月30日 10:36,今天天气很好，心情不错，希望你永远开心
拔刀斩落樱花哟,10月30日 10:31,都在
v不遇,10月30日 10:23,有的
破绮凰,10月29日 19:07,以前好的坏的不明白的长大了都会懂的
为什么失眠__,10月29日 19:04,打卡你喜欢的第九十三首歌
用户1650242143,10月29日 18:24,我放弃了
以可可脆为核心,10月29日 18:03,人生有时候真的很快，但愿不留遗憾
郭家公子世无双,10月29日 18:00,时光会带走很多东西，慢慢掩藏
可真是个意外,10月29日 17:48,改版了？
童童不是很帅,10月29日 17:48,牛逼
野津英,10月29日 17:46,祝自己生日快乐
几多流年,10月29日 17:43,在复习准备考研啦
用户4986009911,10月29日 17:07,我只爱我寄宿的云南，因为其它省 我都不爱；我只爱云南的昭通市 因为其它市我都不爱；我只爱昭通市的土城乡 因为其它乡我都不爱…… 我的爱狭隘、偏执，像针尖上的蜂蜜 假如有一天我再不能继续下去 我会只爱我的亲人――这逐渐缩小的过程 耗尽了我的青春和悲悯
白衬衫911,10月29日 16:10,那时我们年轻我们有梦，关于理想关于爱情，关于穿越世界的旅行，如今我们深夜饮酒，杯子碰到一起都是梦破碎的声音
Slowvideo,10月29日 16:05,还真是原来留下的都是真的...
Slowvideo,10月29日 16:02,三年吗？还是五年了啊...刚刚认真的回想了一下是五年过去了...时间真是在一瞬间就转瞬即逝 就算我怎么哭喊拉扯都留不住
悬崖之下看满天繁星,10月29日 14:17,我还留着，但是已经没有她的联系方式了
快_乐是什么,10月29日 13:08,武汉疫情我不怕 石家庄疫情我不怕 河南强风暴雨我也不怕 但这次疫情在内蒙我怕了 我只希望内蒙平平安安 因为我牵挂的人在这里 我爱的人也在这里
甫宁,10月29日 12:56,我还是喜欢从前开头有旋钮声音两分多钟的那个版本
柚子味的诗hfw,10月29日 12:54,一切都会好的，加油啊！?
飞鸽_NauA,10月29日 12:18,不会的，我和他也这样
BuckRMB,10月29日 11:48,冷咖啡离开了杯垫？
Mrs李李李,10月29日 10:57,再也不会有人像你那样哄我开心了
okay128,10月28日 16:27,人一生充满遗憾
神明护佑1,10月28日 16:21,措不及防的是时间
mob--影山茂夫,10月28日 16:19,那我就告诉你一个秘密，她是我很喜欢的一个歌手
差点没头的尼克O,10月28日 15:38,歌被换过吗？觉得和以前听的不一样，快了，没以前好听了
Delicateczx_,10月28日 14:14,好生气 但只能把拳头打进棉花里 就像只能把生气的情绪写到海海的十万加的评论里
N塔丶,10月28日 14:14,一听到这首歌，就又想起来你曾经哭着录给我听
AustinYee58,10月28日 13:30,额，好在我下载旧版的，这新唱的不行
如果爱虔诚爱,10月28日 12:14,@辛巴O-YO
他c起f起那,10月28日 11:20,我们有着荒唐的开始，分开的却无声无息，总觉得自己放得下，却在夜晚经常梦到
他c起f起那,10月28日 11:15,始于心动终于时间
木帛1809,10月28日 10:09,我的爷爷奶奶已经很老了，时间总是不明显，我以为他们的样子没有改变
木帛1809,10月28日 10:07,
木帛1809,10月28日 10:07,2021.10.28
木帛1809,10月28日 09:54,我
我要不丑还是挺好看的,10月28日 09:45,直接打脸。
请叫我大熊啊,10月28日 08:18,金岐玟1986年的 你90后，是你跳级了还是她留级了？（狗头）
安达卢西亚_YH,10月28日 07:43,我存着我的私心，希望你们圆满长久
夏天的y味道,10月28日 04:33,有
我要做网易最靓的仔,10月28日 04:11,路飞还没当上海贼王，魁拔还有大电影
余生为了,10月28日 02:19,你来人间一趟，要看看夜色星光，感岁月温柔模样。
希望的希T,10月27日 20:55,谁又能赢过时间呢
爱慕未停_zs,10月27日 20:52,2021年10月27日，我在
唱不上高音的米米同学,10月27日 20:48,2021年10月底了，还有人在听这首歌吗
宇智波--蔡徐坤,10月27日 20:35,还活着
是枫动,10月27日 20:10,时间是小偷，我却抓不住他
Sjzzz-,10月27日 19:56,我在
吃个臭袜子,10月27日 19:44,我没有什么开阔的心胸我的格局也很小我不求生活中发生什么令我开心的事但谁触及到我的不开心了我也想他发生不幸或许就在今天
武先森森森森,10月27日 19:10,趁着不收钱能听就多听几遍
粥三_,10月27日 19:05,破防了
小卖部大大,10月27日 18:30,我的青春很多段，一首歌是一段
Meonry1902,10月27日 18:20,隔着屏幕的你不也是翻着来自不同人言论
小王的阿毛,10月27日 18:08,18岁时不懂，现在懂了
西米狗狗,10月27日 17:50,有呢
云村村民162996904979779,10月27日 17:38,一直在
好吧_妥协吧,10月27日 17:29,确实"简简单单″
K⑽腐朽的青春,10月27日 17:12,现在快要十一月喽
水中换气,10月27日 17:11,是不是封面改过了？
腹股沟军,10月27日 17:07,巨蟹女和摩羯男真的有以后吗，
腹股沟军,10月27日 17:07,我爱上一个不爱我的人，到他对我很好，又不想放弃
小吴_MqYn,10月27日 16:52,10月27日
小芮又困惹,10月27日 00:28,可能是我太封建了 我感觉暧昧只能和一个人搞 恋爱只能给一个人谈 一个人不能吃两个人做的饭.
Tozro02l,10月27日 00:24,@偷车一夜暴富
硕一世妖娆,10月27日 00:22,拍完了吗
硕一世妖娆,10月27日 00:21,现在应该大四了吧
感性二胖,10月27日 00:07,听了好几年了
HiMarilynMonr,10月27日 00:06,岁月是个猝不及防的东西 让我好想好想你哦
白衬衫911,10月27日 00:03,他应该快有宝宝了吧
小豆子au_,10月26日 23:57,"搬家后偶尔回家去看爷爷奶奶“奶奶 天太冷了”“睡会吧 睡会再走”我身上就有了一条又旧又有洗衣粉香的棉被 “这是我幼儿园的棉被”“对呀 我拆下来做成新的了 ”我转头看窗外 看太阳 看树 看屋顶 嗯 没变 还是跟十三年前一样的天空和味道
“奶奶 我睡啦”“我陪你”
时间真是让人猝不及防的东西"
南枫小酥,10月26日 23:52,"我生来平平淡淡，没有显赫的家世，没有倾城面貌
惊艳不了青春，斑驳不了岁月
可我依然想温暖时光，饱读诗书努力弥补我的平淡出生，后期绚烂绽放"
反正最后会是你,10月26日 23:36,好怕有天过后就见不到他了.
boldness1712,10月26日 23:31,救命，这歌好好听，让人走了心??。我许愿:我永远希望对我好的人比我快乐。
山河故人尔,10月26日 23:31,我记得以前图片很大啊
南方小凌,10月26日 23:11,"今天
学习的很辛苦鸭
宝宝这几天
要带好口罩
保护好自己喔
明天继续图书馆na
饮食也要坚持鸭
muamuamua
想你哟???"
仙蒂薇拉,10月26日 23:10,刚在一起的时候你说你特别喜欢这首歌，那时候的爱意很浓我可以感受到，怎么现在我都不敢吵架了。没底气说你不会离开我了。
晴雪降灾,10月26日 23:07,我是女生 喜欢一个女生很久 以为自己永远藏在心里 忍不住表白了 之后便。害 或许真的吓到她了 不管如何 喜欢你，是我做过最勇敢的事。也是我最不后悔做过的事。 祝你，生生不息，前程似锦！
珍惜眼前人---,10月26日 22:57,等有资格结婚了 的确好期待那一天啊
i戚亚楠,10月26日 22:40,你也是 谢谢
选修浪漫,10月26日 22:36,偷走了青丝却留住一个你
超级凶啊呜-,10月26日 22:32,大一的时候，辅导员给我们全班放了《岁月神偷》这个电影，当时感动的哗哗的…如今已经大学毕业了，时间真的是让人猝不及防的东西…
爱唱歌的小妖,10月26日 22:31,那天我站在车站外的冷风中唱了这首歌好久
余三岁你要快乐,10月26日 08:08,谢谢你，你也是
京京京京啊啊啊,10月26日 07:34,三年高中我们走了过来，大学三年虽然不在一起也一定能熬过去吧。异地恋加油。
华丽错落成诗,10月26日 07:21,23了岁月是一场有去无回的旅行，好的坏的都是风景
安生annn,10月26日 07:06,如果回到了那个圣诞节，请告诉我苹果和巧克力都是你的心意吧
木偶681,10月26日 03:34,卧槽
小畅91,10月26日 02:55,到现在我还清楚的记得，他住院恢复期间，我带着我买的氢气球去看他，把气球绑在他的病床边，他很认真的看这那个气球笑，像小孩一样。然后给他讲故事，我故意讲了一个小孩的《狼来了》的故事，讲完之后我还问他
小畅91,10月26日 02:42,突然情绪很差，点开了岁月神偷来听。打开评论，看到很多对逝去家人的思念，让我想起了我的外爷。外爷退休前是一个小学的校长，是很智慧的老人。不会过多干涉孩子，但是温暖一点都不少给。有一年他突发脑溢血，在死亡的边缘被救了回来，这次的脑溢血也是之后直接导致他去世的原因。
爱吃猫的鱼丸,10月26日 01:33,宝，你以后不要来狗市找我了。我已经不做舔狗了。如果你想我的话，你就去海鲜市场，我在那里当鱼。如果，海鲜市场也找不到我的话，那你就去汽修厂看一下。有时候，我会在那里当备胎。
MrisWe1v0vo,10月26日 01:01,最近总是能梦到以前的人和事一幕一幕浮现在脑海里
脚踏天涯海角,10月26日 00:59,有孙燕姿的感觉
Mokirainbow,10月26日 00:51,奶奶两天前去世了 很突然 今天葬礼结束大家吃饭 长辈们像往常一样聊天好像什么都没有发生的样子 那个时候我是不解的 为什么他们都不会难过呢 晚上的时候 大伯拿出了相册 里面有一张奶奶年轻时的照片 他戴着老花镜 手摩挲着相片自言自语 我要把我娘这张照片保存一辈子 无法形容当时我内心的感觉
太阳底下的阴影i,10月26日 00:25,"慢慢的发现自己变得越来越陌生了，发现自己到现在什么都没有留下,连回忆我都记不清了，可能那天就消失在人间吧。"
水穷处云起时2021,10月26日 00:21,站起来，不哭
南柯一梦_ff,10月26日 00:07,谢谢你
南柯一梦_ff,10月26日 00:06,谢谢
吹晚风么_c,10月25日 23:58,四季轮回，好多人忘了好多人
_DX_邓大侠,10月25日 23:50,@lzw沐恩 重新来过
wxy很strong,10月25日 23:28,XnX
泠希_,10月25日 23:14,/快
露-少年,10月25日 22:49,隐藏技能
晴雪降灾,10月24日 23:50,加油啊金榜题名
晴雪降灾,10月24日 23:49,怎么说 每当听到一首歌 脑袋里便浮现出一幅幅的画面 这是自己赋予歌的 或许是一句话或许是一个人 这可能就是我听歌的意义 听得就是一种情怀
晴雪降灾,10月24日 23:46,世界上最危险的事莫过于把闹钟关掉后又闭上了眼睛这是目前人类唯一可实行的穿越方法闭眼5秒钟就能抵达2个小时后的未来
小巧巧Q,10月24日 23:32,时不时的想你让我好郁闷
我是深小白,10月24日 23:26,经历了恋爱，经历了一个好友，却发现快失去自己，好久没有这样自由的听听喜欢的歌
叫可爱的Bird,10月24日 23:23,专升本成功了 顺利毕业了
都是狗别说话,10月24日 23:20,笑不活了家人们
赴嫁星河_GeaL,10月24日 23:06,这个秋天我剪头发了 风格变了 眼神变了 成熟了 懂事了 没有那么幼稚了 他也不在了
是她吗z,10月24日 23:03,我们学校校歌，每天下午和晚上都听的到
樱花树上的云朵,10月24日 22:43,我在某个不懂事的年纪里 错过了好多
樱花树上的云朵,10月24日 22:34,如果撑下去了就是一个佳话 撑不下去了就是各奔东西 各自寻找自己的幸福
音乐生活与WIFI,10月24日 21:47,以前版本的没有了
无名1002,10月24日 21:39,男男？
Gavi28,10月24日 20:26,分享歌词
绿豆包10086,10月24日 20:13,时间再慢点好不好。我想让我外婆看看我结婚生子幸福的模样，她会很开心的。
把雾散写诗,10月24日 19:57,愿我们在彼此看不到的地方好好生活，慢慢相遇
N18K07,10月24日 19:48,一年了呜呜呜，想去重刷穿越火线
不讲笨蛋话o,10月24日 19:18,@Romantic-boy_
深海鱼仰望蓝天,10月24日 19:14,也可能是毕业了
深海鱼仰望蓝天,10月24日 19:12,[多多捂脸]
还爱着他阿,10月24日 07:50,是啊，是没有下一次的告别了
旺旺碎冰冰耶耶,10月24日 03:21,心情太差了 不想睡
旺旺碎冰冰耶耶,10月24日 03:15,好想来一场发烧感冒生病啊
旺旺碎冰冰耶耶,10月24日 03:14,还有两小时就天亮了
____snsd,10月24日 02:03,编接着编
是徐姑娘_,10月24日 01:21,从一月的开始到四月的结束，又到现在的十月，时间真是让人猝不及防的东西，可是还是好想你
万幸_bd_,10月24日 01:07,给时间时间 让过去过去
Leslie贝,10月24日 01:03,希望很久很久很久以后能风轻云淡的说出不后悔
XxxPourLoveXxx,10月24日 00:16,已经大二了
50859,10月24日 00:15,爱情不分男女
#NAME?,10月24日 00:08,"她的泪水
我默默的放下手机，摸着8块腹肌的左手顺着那性感的喉结摸上了刀削般的侧脸，不耐烦的笑了笑，眼里透露着四分怒气三分腹黑两分漫不经心还有一分薄凉，嘴角扯了扯,似笑非笑，轻声说:这就是暴躁的你吗？"
听夜细语的晚风,10月24日 00:00,谁能一如既往，不改初见模样
见面吗我们,10月23日 23:50,如果都是假的该多好
见面吗我们,10月23日 23:50,我真的好想好想我姥爷啊
小小太阳you,10月23日 23:33,我的青春里有数不清的后悔和不开心的事情，可幸运的是在这昏暗的时光里，他一直陪在我身边。
3-SIYAN,10月23日 23:31,那天我和朋友分享爱你的那些苦日子 说着说着我就哭了 那些日子太苦了 看不到终点 也看不见退路
聊表心意_Lvemiz9,10月23日 23:23,青春真的在以肉眼可见的速度流逝
樗栎庸材orz,10月23日 23:09,大抵是到了该寻一个姑娘的年纪了，近来夜里冷得厉害，特别是心里，凉的出奇，两床被子面对这寒冬的挑衅，也显得有些许吃力了，或许只有心仪姑娘的照料，才能让我感到温暖了罢。
为什么难过_0116,10月23日 23:08,你总会遇到那个只会对你温柔的人的一定一定！
豪总aa,10月23日 23:04,@烦人精ioi
别抛下我_a,10月23日 15:04,十六岁的你，祝你天天开心加油
巨坚强1801,10月23日 14:58,你来了吗[多多大笑]
少吃多动O,10月23日 14:50,今年才16呀妹妹
森屿北夏,10月23日 14:25,过了今年七月我连偷看你的机会都没有了
Vicetone__musichu,10月23日 13:41,你也结婚了 这句话戳着泪点了
sljtcx,10月23日 13:21,淡
永远偏爱盛夏的晚风,10月23日 12:48,学生时代的遗憾大概是
好想找个女旁友啊-,10月23日 11:54,这最后一句sao断腿了
四川岳云鹏,10月23日 11:43,妮 最后一定是我吗
舍5678,10月23日 11:24,菠萝 拼了赔
舍5678,10月23日 11:24,菠萝 拼了赔
老实人不在了,10月23日 11:07,你说你不适合谈恋爱 又说是你冲动了说咱俩成绩不好谈恋爱会被人瞧不起 你还说三年怎能走不到一起 我不知道真假 但我等你
胆小鬼yt,10月23日 11:06,背书背书!写作业!
唯有无伤之利,10月23日 10:58,肖枫的11年啊啊啊
还爱着他阿,10月23日 10:42,好奇怪啊 你们说 再见到底是约定 还是告别
写给自己的_rjF4,10月23日 10:00,666
假设有,10月23日 09:51,我就想着我爸可以看到我的录取通知书，可惜啊可惜
挚瑶盈夙缘,10月23日 09:00,理解能力甚差
无畏浮华,10月23日 08:12,唉
罗绮短衣,10月23日 07:55,她走了，但她喜欢的事我还在喜欢
媛媛不哭,10月22日 15:50,今年是第九年啦
月亮跑了_hh,10月22日 15:14,加油
WHEREANDWHATDOESLYYLOVE,10月22日 15:09,又换封面了
开心陈陈哦,10月22日 13:49,握不住的就放了吧
回眸一笑如花,10月22日 12:26,时间是让人租不起房的东西。 ―-写在深圳
琦琦没睡醒a,10月22日 12:19,因为喜欢你 ，我勇敢过 因为喜欢你 ，我失去过 因为喜欢你 ，我坚强过 因为喜欢你 ，我幸福过 因为喜欢你 ，我痛苦过 因为喜欢你 ，我期待过 因为喜欢你 ，我脆弱过 因为喜欢你 ，我生气过
快_乐是什么,10月22日 11:44,生日快乐
快_乐是什么,10月22日 11:42,在爷爷的葬礼上他们都泣不成声，我为什么一滴泪都流不出来，我也很爱爷爷呀
露-少年,10月22日 11:25,单曲循环的第7天
番薯和麻薯,10月22日 10:27,破防
找不到路的小女孩,10月22日 10:12,时间过得快点吧，快点毕业，快点到可以再见到你的时间。到时候我一定不会再放手了，说什么都不会
我二点儿都不困,10月22日 09:16,场景带入了
我二点儿都不困,10月22日 09:14,你没有让我失望。
cookiecoo1,10月22日 07:33,这么多年 只能说算是你感情路上的＂吃一堑长一智＂吧
柳zzzr,10月22日 01:09,少打点cs
Say哥大宝贝,10月22日 00:52,现在你应该毕业了吧 没骗你 真的很短
该睡醒了L,10月22日 00:51,时间可不可以走的慢一点，趁现在，他还能陪我聊天，趁我现在还爱他
吾命苦九分,10月22日 00:31,每天夜晚看到路上形形色色的人、万家灯火，在看看形影单只的自己，感觉特别的孤独。多想能遇到一个和我一样害怕孤独却孤独的人，我们可以假装情侣，互相关心，忘记那份孤独。等你找到关心爱护你的人时，我就会离开，独自孤独。我在这里，你、会在哪儿
Taiyiws,10月22日 00:28,教资还有八天考试。害。剩下了什么呢，感觉知识还是不进脑。
我不用名字了,10月22日 00:22,生日快乐祝自己
鞣谷四,10月21日 07:21,万一是男的想追你，想吸引你注意力呢，只是他不会使用方法。每个班都有这样的人
下次吧_HHCI,10月21日 06:55,不多睡会，起那么早
下次吧_HHCI,10月21日 06:54,早上好，
对乙酰氨基酚_zhou,10月21日 06:26,终有一天我将举杯，敬一敬我的冲撞，我的孤勇。我秉直的脾性，我的泪不自禁。
织织织织织织织织织,10月21日 06:25,好
下次吧_HHCI,10月21日 06:25,你好
Bevolt_,10月21日 04:59,三年过去了 你有了要要娶的人 我也有了要嫁的人...
日出印象98k,10月21日 03:44,好听
61FRIDA,10月21日 02:51,361300
七七想八八,10月21日 01:29,三年了 还是记得这是她曾经很喜欢的歌 一听就回想那段青葱时光 “曾经很喜欢”――因为不知道现在她是否还听 也可能只是短暂的喜欢 但是 我一直很想她――中学友谊 To 小傻
仍是少年-X,10月21日 01:18,没有人一直在，但一直有人在
颜颜柒柒柒,10月21日 00:47,"把左手 把右手
大拇指 → 往这划 ← 大拇指
放这里 放这里"
零食贩卖所哈,10月21日 00:45,好想爷爷奶奶
颜颜柒柒柒,10月21日 00:38,还好嘛，现在是21年10月21日了
45-J,10月21日 00:25,周如佳我的输入法都快忘了你了 再见啦[多多笑哭]
45-J,10月21日 00:25,一个星期啦 嘻嘻嘻 没那么想他了 好像放下了 可能只是自己认为的很爱他吧 心里快无感了 现在已经有更好的生活啦 每天画画 画上喜欢的人或事 喜欢的人是好朋友们哈哈哈哈 我们半推半就的人生啊
Swag188,10月21日 00:20,交给时间，希望最后结局对你我都是好的。
缘-lpp,10月21日 00:13,时间是让人猝不及防的东西，晴时有风阴有时雨争不过朝夕，又念着往昔偷走了青丝却留住一个你
niania2525,10月20日 23:38,2020 这个冬天很冷 抱紧自己取暖吧
我没动心,10月20日 23:31,我那么敏感，让你很累吧
黯鸢仙人,10月20日 12:34,我叫王强，我要呜呜呜！
睡不醒鑫,10月20日 11:13,如果几年后 我如愿娶了一位叫刘鑫的女孩子 在座的各位都有喜糖！
冯大亮,10月20日 09:59,换了封面，少了灵魂
沐丨暖阳,10月20日 08:34,想问下您现在的情况
littlesyy,10月20日 08:33,涂钦友
littlesyy,10月20日 08:33,Tqy 回来吧
陌言不太乖,10月20日 08:21,小姐姐还在一起嘛
陌言不太乖,10月20日 08:21,现在毕业了吧？
牛肉堡半价,10月20日 08:04,那就把她欠你那一刀还给她，从此互不相欠。
啊倩1807,10月20日 07:34,A
啊倩1807,10月20日 07:34,A
烹鲤和风,10月20日 07:18,谢谢你
陈威水的,10月20日 07:08,干
小吴_MqYn,10月20日 06:51,一直爱他
小吴_MqYn,10月20日 06:50,我也是的 我先喜欢他的 我想和他在一起 他答应我了 刚开始还好 他这个人话不是很多一点小直男 没关系我找话题两个月了 他上班我上学 他上夜班 比较忙 我上学也比较忙 但是我有玩手机的时间都会跟他说话啊 有时候我发了很多信息 他就说了一两句 我给他在一起我感觉特别委屈 但是我不想放弃他啊 我想一直
可爱收藏人,10月20日 06:00,上午和家里人说了他的存在，下午就分手了。真可笑，果然不确定的事不要高兴的太早。到现在只能先瞒着父母了，毕竟让他们开心的事不多了，太可笑了吧。
避秦716,10月20日 03:10,觉得不对就对了
杨和苏的npy,10月20日 01:52,舒景东我好想你
钢铁猛男萝莉心,10月20日 01:28,听了这么多的翻唱 都没一个能超越你的
伟独闯青楼,10月20日 01:25,一切都会好的
亡梦style,10月19日 17:52,今天凌晨2点58分，我的爷爷去世。
混子_Yz,10月19日 16:31,好听啊
黎明一道光_,10月19日 16:09,信息量有点大
S梅茗子,10月19日 15:45,偷走了青丝却留不住一个你
S梅茗子,10月19日 15:38,"岁月是一场有去无回的旅行
好的坏的都是风景
别怪我贪心只是不愿醒
因为你只为你愿和我一起
看云淡风轻"
用户3292147830,10月19日 15:37,珍惜眼前孩子
用户1638864585,10月19日 15:03,你这玩笑可开不得哟！
饮用矿泉水-,10月19日 14:22,信息量好大 祝你幸福
瑛格,10月19日 13:52,感谢
热途i,10月19日 13:41,时间它从来不语，却验证了很多东西，愿多年以后的我混的风生水起，你还未嫁，我定会来娶你
露-少年,10月19日 12:13,时间的馈赠！
湖光山色总相宜,10月19日 11:29,pc版看不到评论啊啊啊
ppxnb666,10月19日 11:22,小娇妻说到
大黑皮鞋噔噔噔,10月19日 10:03,前奏怎么这么像冷咖啡离开了杯垫- - 不能说的秘密
初夏的鱼七七,10月19日 09:53,只是今天这次听这首歌的时候，看到第一句歌词，突然才有更深触动。珍惜眼前人吧。
高倍耳,10月19日 09:20,好像每天都一样
高倍耳,10月19日 09:18,“希望你开心 无论和谁 无论在哪里”
无心的轩,10月19日 09:06,快活好难啊
段王爷44444,10月19日 08:36,还是更喜欢听你的才华有限公司
Y玖橙,10月19日 06:16,祝你也开心哦
虚空wj,10月18日 16:44,可以
虚空wj,10月18日 16:43,站在才看到，你弟弟怎么样了
椋新,10月18日 16:38,如果有时光机，我好想好想回到高一上学期，我好想重来那个学期的生活，但是可能还是会问咦，你的名字怎么是女孩子的名字呀
懒狗小~,10月18日 15:39,时间会教会我们所有东西
懒狗小~,10月18日 15:35,看到这个信息挺欣慰的
向阳先生wz,10月18日 15:25,加油，愿一切安好。弄个水滴筹
橘生_lz,10月18日 14:10,谢谢，你也是呀
奶油奥利奥_Tiam,10月18日 13:53,抱抱你
有兔人士,10月18日 13:47,加油(? ??_??)?
晚风_HRhf,10月18日 13:37,愿安好
栀子花不败_,10月18日 12:57,在歌曲的最后
来日方长长长长啊,10月18日 11:37,我不是很坚强，现在都实习的人了。真的希望，姐姐能在。4年了，可是我最近又开始频繁的梦到她。还是19岁的样子但是有一个梦，我很难过。在梦里姐姐和我妈在一起生活，突然传来消息，姐姐走了。然后我醒了，还好是梦。我侥幸，又安心的看了姐姐。但是我又醒了……
贩卖草莓沙冰,10月18日 10:16,我想向时间偷一个你
如月圆_,10月18日 10:10,五年前某段时间一直单曲循环这首歌，那时候只是单纯喜欢歌词、声音、旋律，今天再次听到，原来时间那么快，原来我也可以理解歌词的意思了，原来，时间，真的很猝不及防……
_BambooFun_,10月18日 09:59,再看的时候已经毕业了（?ò ? ó?）
小曦的,10月18日 09:50,你们说...会有人喜欢残疾的男孩子嘛...
挥别轻狂,10月18日 09:20,歌词真好
木梓_jFDC,10月18日 09:11,加油，会好起来的
唐妙海长老,10月18日 08:50,同一首歌，不同时期，不同年龄阶段听，感触不同。。。现在听，深有感触。。。
唐妙海长老,10月18日 08:49,必须能
Lenng,10月17日 20:45,这个世界上有很多优秀的男孩子 我不在其列 我只是一个平凡的浅薄的 青春路走的歪七扭八的人
博君一肖_OJn1,10月17日 19:50,加油
寒窗出贵子,10月17日 19:48,人生只有一次 让自己勇敢些吧 就算是污点也值得 再不爱我们就老了 再不勇敢些我们就散了
崔耀洲,10月17日 19:14,"最近一直在跑步，每跑一次都会突破一点，更快，更久，更长。
如果所有的事情都和跑步一样那该多好，偏偏好多事情都停留在第一次跑步的心境中，不愿醒。"
mri太,10月17日 19:13,我好想他
碎碎念嘞,10月17日 18:58,“时间是让人猝不及防的东西，晴时有风阴有时雨”，让我想到了苏轼“也无风雨也无晴”的人生态度，这短短的一句，却叹尽了一生的辛酸
哈了五口气,10月17日 18:56,每天都在崩溃又重建
哈了五口气,10月17日 18:56,最后60多天了 中断 中断 中断 真正准备备考的时间竟然就这么点了 不自信到极点 我想有书读 我想有未来 我不想输
一个人的路还长呢,10月17日 18:53,和爱没关系，曾经是习惯，现在是不甘
狗狗狗潇,10月17日 18:27,泪目了，我也把她那里的天气预报关注了很久，现在她不需要我了
分享的微笑,10月17日 18:06,加油
分享的微笑,10月17日 18:06,不由得泪目，最看不得这种生死之离的措辞，催泪
Crushyz,10月17日 17:45,好好的
青年人爱听歌,10月17日 17:44,看到你的头像我以为是她，顿时心里咯噔一下
国家一级能睡觉种子手,10月17日 17:32,从小学到高中做同学 ，现在大学毕业把他最后的联系删了，我们以后就是普通认识的同学。
Justmarried,10月17日 17:28,一步难，一步佳，这就是人生
chilly_moonlight,10月17日 17:22,人跟猫一样，喜欢偷腥，更像猫一样，喜欢猫腻。我想你不是怎么了，你是想品尝不为人知的暗中激荡，鱼与熊掌都想兼得。或者说平淡的生活催生了你寻求刺激的欲望，不过很简单你遂着你心中最想要的去做，不论道德伦理束缚，不论结果，你就知道你怎么了。
南笙姑娘_MRPv,10月17日 16:49,喜欢
森系暖眸,10月17日 16:38,同福
7怡然520,10月17日 16:23,弥生
一直念x,10月17日 00:54,幻想真的很可怕
533千久,10月17日 00:44,好女孩。。又能得到什么
533千久,10月17日 00:43,对啊对啊
弥1涂,10月17日 00:42,看过一个文章，说每一段感情都会让自己学会点什么。
罕有_-,10月17日 00:41,雨会停，风会止，青春会走人会老去，稚气褪去成熟自来，我只想说在你身边的一定要是我。2021.10.17恋爱第1014天。
云村村民163440176118773,10月17日 00:30,时间在不断筛选你身边的人和事 有幸遇见 恰好合拍
#NAME?,10月17日 00:29,唉？九月份他提出复合了 我答应了 只是感觉没有以前的感觉了 但是毕竟回来了 也很好 ?
#NAME?,10月17日 00:26,那就以过客之名 祝对方岁岁平安吧
Jlan澜,10月17日 00:21,听了一遍又一遍，满脑子都是你
阡帆OAO,10月17日 00:14,分手5天了……还是有一点点想吧
后知后觉的一个,10月17日 00:03,我不喜欢这个封面
天涯明月酒一杯,10月16日 23:45,你能循环几遍?
努力学数学04,10月16日 23:40,我爱金玟岐
天涯明月酒一杯,10月16日 23:39,这首歌的精髓就是卡带放进卡座的那个音效(对我来说)
w-j问惊,10月16日 23:37,我想找一个人，她的名字叫韦慧，有个人说她是个很完美的人，我想替他找回来，我也想看看她到底有多完美，可是我对她一无所知，我只知道她叫韦慧，他说她一声招呼都不打就回了新疆，他说他爱惨了韦慧
很帅啦,10月16日 23:34,18年接触的歌曲现在21年了大一新生 仿佛初中的时光 高中的时光就在昨天一样 时间是让人猝不及防的东西。
菜菜不抱希望了,10月16日 23:32,有
Pretend_99,10月16日 23:31,然后你梦醒了
Kin薄凉少年,10月16日 23:29,羡慕了，还有研究生小姐姐能教教大一萌新怎么在高数里打怪吗
今夜两不爱,10月16日 23:20,2021年10月16日还有人听这首歌吗
小佘欣潼,10月16日 16:23,加油啊，一切都会好起来的！??
易杯源味的白凯水_TFBOYS,10月16日 16:15,生日快乐
西瓜不丝滑,10月16日 15:09,我居然看完了 只想说你是个好女孩
小不点小小乐,10月16日 14:58,留下的都是回忆，偷走的都是岁月
怎么随意怎么来00,10月16日 14:52,姥姥，妈妈想你了，我也想你了
小可爱吖www,10月16日 14:46,不过，也确实好幸福啊
小可爱吖www,10月16日 14:45,总是清楚地记着我喜欢吃什么。行李箱已经塞满了，可她还是让我带着。前几天和我姐我妈视频，说自己天津的饭有些吃不惯。想吃辣子鸡和我们那里的烤鸭，今天和我妈打电话，我妈就说，过几天就让我哥或者我姐把吃的给寄过来。怎么说呢，真是想哭，明明都是一个二十好几的成年人了，却还是被家里人当做孩子
小可爱吖www,10月16日 14:41,自己一个人来天津读研，也是自己一个人第一次出省。开学之前的晚上，我妈，我姐，我，都哭了，因为担心我，不放心我自己一个人去学校。其实我今年都23了，也没有什么需要担心的。可是在家里人眼里永远都是小孩。那天晚上，侄女趁着晚上跑步的空子，又去给我买了我喜欢的零食，一个比我小十岁的女孩子，
Kkoooala_T,10月16日 14:31,喜欢你可能是错的 但是我爱你
kezekai,10月16日 14:28,致最好的92 方博 周雨 阎安
kezekai,10月16日 14:28,好的坏的都是风景
kezekai,10月16日 14:27,岁月是一场有去无回的旅行
kezekai,10月16日 14:27,我的92 时间是让人猝不及防的东西
你可以吃萝卜嘛,10月16日 14:16,他们都说自己快点长大就好了，后来我长大了发现没有他们说的那么好，朋友少了能说说话的人也少了，慢慢的变成了自己一个人，长大真的好吗？我希望我不要长大装父母希望的成长好累[多多难过]
烤余好好吃ci,10月16日 13:55,听着歌真的很触动，那时候我初三，现在我高三，初三的点点滴滴历历在目，我和他也终于结束在了那个时候
tomato咕咕,10月16日 13:12,谢谢你，你也是
航何以至此,10月16日 13:04,以前觉得时间过得好慢，现在时间觉得时间过得太快。转眼毕业4年了，毕业那年老爸查出肺癌，做了手术还好，疫情武汉封城无法检查慢慢严重了，癌症5年不复发基本就好了，我以为5年过了结果才四年，上个星期又严重了要做化疗，时间你变慢点吧。
黑裙皆爱白衣,10月16日 12:34,10.16
云村村民16343582159265,10月16日 12:24,6666
心都裢噶,10月16日 12:11,"把左手 把右手
大拇指 往这划 大拇指
放这里 放这里"
阿喻想吃糖,10月15日 22:41,希望热度退去后，留下来的是真正喜欢他的人
还有期待cb,10月15日 22:34,加油加油，你可以的
Freiheit-N,10月15日 22:29,加油哦?
T慢歌,10月15日 22:08,现在是2021年10月15日22
buy家女删除,10月15日 21:39,从逼自己不再回复你的消息将近一个月了……想想你工作已经顺利转正了，可是这几天老梦到你遇到困难了，想给你发消息，又怕再成为你的负担而不敢打扰你……一直想大度的放你走，可是心怎么不听使唤呢？
萌布拉吉,10月15日 21:34,不想过往，云淡风轻的过好每一天！
lisawei321,10月15日 20:43,和孙燕姿声音挺像的
勿忘rky,10月15日 20:37,谢谢你
匪哥大大,10月15日 20:25,做什么？
YYBoo_rz,10月15日 20:09,人生建议
Aizyrill,10月15日 19:49,hi
碗碗盆盆会永远在一起,10月15日 18:18,还好吗 希望你们一切都好啊
八月旬中,10月15日 18:02,加油
你也在藏奶盖吗,10月15日 17:55,啊？..请问你是
xiaokuiii,10月15日 17:44,这是重新唱了一遍啊 我更喜欢以前的
Lll-ZqY,10月15日 17:00,又三年了
Lll-ZqY,10月15日 16:57,时间
D选之子,10月15日 16:28,我也是
春意知几许如此,10月15日 15:55,今年24岁了，重拾起了去年的想法，继续做恐怖片电影博主，知道这条路很难，但还是希望坚持能收获成功
放逐FANGZHU,10月15日 15:49,“几乎不主动聊天，不主动约人。能让我主动的人，真的是我打心眼里喜欢到不行的人。
笨蛋是说小恬吗,10月14日 22:10,见一面吧 在冬天 在下雪天 在我浪漫的14岁.
才不是胆小鬼_,10月14日 22:01,不遗憾了吧
绝杀路易斯,10月14日 21:55,可以啊
驴哥最酷,10月14日 21:44,她唱的最好听
学会忘记1_ezuj,10月14日 20:54,你是真的秀
KR-零,10月14日 20:52,漫不经心间听到了这首歌，突然听到伴奏不一样的地方。抬头一看，原来是曾经的demo已经变成了专辑。
辉大很,10月14日 20:51,那您应该跟我学呀！有人骂我丑，我只告诉他一句话‘我又看不见，看着难受的是你们’。
凉笙Ani,10月14日 20:34,闻曲不知曲中意，听曲已是曲中人，你们有没有听一首歌听到流泪的，或者是深有感触的。
吃可爱多一点也不可爱,10月14日 20:30,能留下的都是真的
今夕何夕ZWL,10月14日 20:13,未来可期
小等去哪里,10月14日 19:50,为啥大家都好像很震惊，不是挺正常的吗
你回来啦__,10月14日 19:43,六年了 要放下你了 这是你最喜欢的歌 我也终于大学了
bb很聪明,10月14日 19:27,"今天有好好的钻研题目，
那些乱七八糟的公式在解答成功后变得生动有趣，
我害怕以后生活平庸不尽人意，
所以不敢停留。
未来的你要知道，
你的一切都是我打拼下来的！！
――记录拼搏的自己"
白天不适合谈诗,10月14日 19:25,突然哼起来这首歌，却忘了叫什么名字，搜了半天的只记得叫什么时间小偷，结果歌名是岁月神偷。自己都笑了
口屯口屯,10月14日 18:38,你懂的膜6呢恩德6嗯马6的摸了哦呜8他8分打了一下午默默某某5哦们门控哦哦哦M8图M8我 特都嗯哦佛魔哦
怪怪的小阿怪呀,10月14日 17:58,网恋嘛，我做渣男陪你打游戏，陪你聊天给你安慰，早上喊你起床，晚上给你晚安，不奔现不爆照，等你找到了意中人，做他的小仙女时，我继续做我的盖世垃圾，风生水起，你说一声，我便消失
哒橙汁cc,10月14日 17:49,我之前也骂过一个女生丑，我不该这么骂她的[多多大哭]
林怡子,10月14日 17:30,我老了 时间不知道去了哪里 回忆里没有寻常 只有无常 能平静过一生是多么难得的美好
钟爱哥哥love,10月14日 17:03,奶奶今年81岁，刚刚见到她，她说话我一直见不到她的上排牙齿，于是我问 怎么不见你的上排牙齿，她笑着说“都掉光啦” 时间啊 走的再慢一点?爸爸最近手术住院 更加抑郁，好想回到读初中读高中的日子，那个时候爸爸妈妈身体健健康康 爷爷奶奶也是健健康康的
钟爱哥哥love,10月14日 16:59,一起加油 我也有这个梦想
天现宝宝----------,10月13日 20:51,加油
云想衣裳1998,10月13日 20:49,已经毕业了，当初那个破破烂烂的宿舍，现在是我想回也回不去的地方。
实名制xindong-,10月13日 20:37,好棒
实名制xindong-,10月13日 20:37,实现了吗小姐姐
不开黑胶还让人听歌不,10月13日 20:33,有啊有啊
肉头是你de,10月13日 20:32,我想快乐最重要吧，但是现在好难
不开黑胶还让人听歌不,10月13日 20:31,要是我早懂这个理就好了
你可以不爱我a_,10月13日 20:08,受自己之托 祝潘越平平安安
孙小萍-,10月13日 19:54,知其所以然，才能知其然 .
贰柒拾肆-不染,10月13日 19:46,会有更好的人的
贰柒拾肆-不染,10月13日 19:44,"“不知不觉已经在一起一年了
很开心能在不美好的一年里遇见美好的你
如果不出意外的话
十年之后站在你身边穿婚纱的人应该是我
所有人都羡慕从高中到婚礼的爱情
我们要告诉他们
初中也可以”"
一直打游戏好了_,10月13日 19:31,我在和喜欢的人一起听 715个小时！！
小边牧jt,10月13日 18:59,过了星期三翻过一座山
VIIFEN,10月13日 18:51,2011年我们遇见了，我们在一起了，那是我15，她14，种种原因分开7年，2021我们也相遇了，我们也再次牵起了手，然而并没有你们这样的美好，我们还是分开了！初恋教会了我如何去喜欢，却并没有教会我如何放下，祝福你们
Falling170904,10月13日 18:48,放你走 你没回头就不是我的
20183111901,10月13日 18:41,奶奶在天上也看得见，你要为自己加油(? ??_??)?
天还没亮_你已不在,10月13日 18:23,对
许元崽子,10月13日 18:19,不要那么舔不值得
Sprite180923,10月13日 18:16,1
尔城英俊爷,10月13日 17:29,应君敏 我爱你??
妈妈说不能取一样的昵称,10月12日 20:53,我想我们以后不会有交集了
月揽划星河,10月12日 20:12,没想到 小学毕业快两年了
-Wyyyb-,10月12日 20:05,她们后来都有了新的朋友，只有我一个人想着以前，我不明白，为什么明明以前无话不说，现在无话可说
xxxY_PYP2,10月12日 19:45,1
让我久等了,10月12日 19:12,我没手机的时候我把他号码背下来借着学校办公室的电话每晚自习给他打电话 我有时候在想或许都没有人像我这样疯狂爱他了
Sunflower_love19,10月12日 18:54,喜欢上一个不存在的人。
努力的咸鱼壹,10月12日 18:38,加油哦
再觅我难,10月12日 18:26,会的
遇洙_,10月12日 17:59,"我一直从小被说到大 你好胖
我好自闭 好自卑"
以丞哥定义光哦,10月12日 17:58,99
钢铁侠Tony4tark,10月12日 17:56,大
Sugarboo_Ax,10月12日 17:41,加油啊！
小R姐姐_,10月12日 16:57,没有关系 都会更好的?
kendy紫晴,10月12日 15:25,1
要_早睡,10月12日 15:25,未来有什么
lamb狮,10月12日 15:07,耿耿于怀最好的我们
IPKQHTXGT,10月12日 14:36,一定要坚持。要有强烈的渴望。这样。就不会像我一样二战了
梦里知湫,10月12日 14:29,读研好难 希望自己能够熬下去
北月山傀,10月12日 08:22,"如果
我把自己放弃了
那
…"
Thatsheepwiththedevilispsycho,10月12日 07:21,我的天、我还以为是孙燕姿
川井雪穗,10月11日 22:06,现在老家房子要拆掉，爸爸要重建，还有我小时挂秋千的枣树也要砍掉，国庆我最后回到那个瓦房，里面的东西都搬出去了，我一个人又在那个老房子里哭，现在我快忘了我爷爷长什么样，国庆第二天我去姑姑家看到我爷爷的照片我在被子里又又又偷偷哭了，好多我和我爷爷之间的事情都记不起来了，要是我内时候就
川井雪穗,10月11日 22:00,小时候，妈妈因为工作把两岁我放在奶奶家，爷爷给我用木板做秋千，半年之后妈妈把我接走，我迟迟不肯上车，拉着奶奶的手说，奶奶走，奶奶走，爷爷在老家的房子里哭，妈妈把我抱上车，奶奶在后面偷偷抹眼泪，后来我见奶奶和爷爷的次数越来越少了，一年见两次，后来爷爷去世了，我一个人在老家房子里哭
Ningning_00,10月11日 21:58,肯定可以的！
LiJiNTaN00-,10月11日 21:33,好想奶奶啊
恭N,10月11日 21:19,我是个化学课代表，好像也有这个能力
用户5144989553,10月11日 20:41,我没拍
颜珏997,10月11日 20:33,每次分手之后，都会来听这首歌，然后慢慢想握紧你的手。
青山奶奶__,10月11日 20:24,只是想努力一下，别让青春有遗憾。 比如备考四级。
我有个机车梦_aayt,10月11日 19:42,把朕砍了给秀儿助助兴
hpdz123,10月11日 19:25,?
sssss_3,10月11日 19:24,@_Mtrker
小夭心悦涂山Z,10月11日 19:15,呜呜呜呜，是的呀，相柳也是我心里永远的白月光
独白ri,10月11日 18:45,看到这样类似的就忍不住哭
苏苏池,10月11日 18:39,大约这个世界都需要新鲜感
如果没记错的话我们可能在哪见过,10月11日 18:06,怎么感觉怪怪的嘞・
如果没记错的话我们可能在哪见过,10月11日 18:06,怎么感觉怪怪的嘞・
退火_,10月11日 18:05,为什么换了封面！
替代品_a,10月11日 18:03,傻瓜，别往下翻了，眼睛会疼，手会酸的，听话，看到我这里就安心的听听歌吧，我可能不认识你，但我知道你也有故事，你要照顾好自己，渴了就喝水，饿了就吃饭哦，好了 陌生人，愿你余生有人陪，愿你一生平平安安，愿你一生幸福，如果你们看到，可以送我一句‘你也要幸福哦。
芊芊今天开心了吗,10月11日 18:02,姥爷80岁 完成了小野心 看我上完了学开始工作 可是…您还没看到我结婚呢 怎么就走了呢 现在我有宝宝了 我想您了
#NAME?,10月11日 17:42,确实遗憾，因为不是一个班，连毕业照都不在一起
时间的旁观者灬,10月11日 00:21,希望还能遇见她
时间的旁观者灬,10月11日 00:18,我和她唯一的合照是毕业照……
快乐E风,10月10日 23:57,希望下一个遇到的是彼此越爱越多的
一生所求v6,10月10日 23:53,有人爱你的时候别装逼
西柚贵不贵,10月10日 23:41,"因为你喜欢呀
所以才会把想说的话写下来
希望能让你看到"
西柚贵不贵,10月10日 23:39,关键是这个过程不只是一遍
西柚贵不贵,10月10日 23:38,总会有人看到你会惊为天人
卷卷撞地球,10月10日 23:36,"把左手 把右手
大拇指 往这划 大拇指
放这里 放这里"
CYT-JC,10月10日 23:23,我得不到，我忘不了
是你的Eda,10月10日 23:23,日子过得可真快呀
FOREVERMORE5,10月10日 23:14,多年再听 还是感触良多
会飞的鱼WZY,10月10日 23:13,和喜欢的人一起听这首歌，感觉很幸福，
www卑微小鬼,10月10日 23:07,人生建议
yousee521,10月10日 22:49,现在是21年10月10号十点四十八我正在边听边回忆从前，只是突然发现再也回不到曾经
张俊得说他爱我,10月10日 22:48,时间会改变一切包括爱
耿亦潇,10月10日 22:41,我一定会成长为很好的大人
全卫中最高的崽,10月10日 22:32,.倘若我所有的文案都是说的你呢倘若有些话我还没说完呢倘若我还是不死心呢我的意思是我没说完的那些话你还想听吗.
我的射手座M,10月10日 22:32,竟然每天都有人在这首歌下面留下评论。好歌经典
磊磊不会熬夜,10月10日 22:27,最尴尬的就是
xiao樊呀,10月10日 22:24,莫名的不开心 难过 烦躁 多想有人陪我说说话 但是还是睡一觉吧 明天又是新的一天
培华_keNa,10月10日 05:58,"翻来覆去睡不着 一点睡的三点钟醒了就这么玩手机到现在 听到有人洗漱 看了眼时间五点半了 原来是考研人
回想我的五点半 实习期间也许是起床上班 也许是在重症开始又一轮的翻身给病人做口护做会护 亦或是在医院的地下室刚醒赶紧起来匆忙去科室测生命体征测血糖测中心静脉压 真难忘啊 "
七凄呐,10月10日 02:57,国庆节回家，在抽屉里翻到了她曾经的大学校徽，那个时候是异地，她刚刚在重庆念大一的时候我还在老家念高三，我去看她的时候，她给我说想她的时候就看看她的校徽，时间像没办法回头的列车，很多年很多年以后的今天，我又拿起了这枚校徽，摸的很仔细，和第一次摸一样仔细
洛洛不只是一只兔子,10月10日 02:12,多年以后，你说，我还喜欢你，你还喜欢我吗？我说，我不喜欢你，我恨你…你…其实你不知道因为爱才有恨，我还是当时那个傻傻等你的我，只是时隔多年早已物是人非，再也回不去了～从此珍重～
倩吃饭了吗,10月10日 01:10,时间扑面而来，我们终将释怀。健康的活着，平静的过着，开心的笑着，适当的忙着，就很好。
矫情狮子座,10月10日 01:00,努力了好久到头来才发现啥也不是！
你还想我吗--,10月10日 00:52,留不住的，都会走的，都离开吧，
叶初盈,10月10日 00:43,很喜欢这首歌，却不敢经常听 ，因为每次听，都会不知不觉泪湿枕巾。深夜里，这首歌会召唤已故的亲人，回忆历历在目 ，后悔当时不懂珍惜……
0追f,10月10日 00:15,生日快乐
零七年_的秋,10月10日 00:09,还是忘不掉你啊张.
宋柯柯克克,10月10日 00:04,对，向前看吧。如果走散了，就祝福对方。这样我们都能走得更远！
曼殊沙华千年开,10月9日 23:57,现在的单身青年还少吗
把柠檬汁扔了吧,10月9日 23:33,嗯，他连我一张照片都没有
把柠檬汁扔了吧,10月9日 23:32,一样
作业啊啊啊啊啊啊啊啊啊,10月9日 22:51,可惜了，唉
哥斯拉叫喳喳,10月9日 22:51,我家喳喳小朋友十月十七日过生日，陌生人能给她一点祝福吗？谢谢，感恩啦
高弹转清,10月9日 22:50,能留下的才是真的
维C-吖,10月9日 22:18,心动和动心大概是两个概念吧
随机_d7Zf,10月9日 22:14,人有悲欢离合，月有阴晴圆缺。总是有点遗憾。不是吗？
雪---见,10月9日 22:04,必须支持
皇府斗,10月9日 21:53,我想成为这样的男人
想不想看花盛开,10月9日 09:18,谁啊
rgnawjbyfkwhbh,10月9日 05:06,我们总是一边奔跑，还不忘记感伤～
那还会再见吗,10月9日 04:21,能够握紧的就别放了
我讨厌有钱人o,10月9日 04:00,cqy等等我吧 我在加油
45-J,10月9日 01:33,已经是10.9凌晨1:32了 还是失眠 我睡不着 刚看完陶白白讲的白羊座 就想起以前我和他一起去吃烧仙草 坐在桌椅上 一起了解我星座的样子 刚在想 他会不会已经看完了白羊座 会不会有那么一刻想起过我了？ 到底是我的执念还是我真的喜欢他
余仁月白,10月9日 00:44,世上悲伤千万种，又何止一本龙族
Installgram,10月9日 00:33,@llhypocrisyl 哈哈哈哈
银河星云碰撞感收信号初号机,10月9日 00:11,这会儿我本身心里很堵，看到这句“能够握紧的就别放了”竟然释怀了。感谢。
Minh1hh_,10月8日 23:58,人要往前看
就不吃草的兔子,10月8日 23:41,今天坐公交车的时候目睹了一场车祸。刚换到这首歌的时候伴随司机一声惊叫我转过了头――真残忍，一个活生生的人就这样在眼前消逝。逝者是一个中年男人，想象中他也是上有老下有小的顶梁柱吧。有一瞬间的窒息，让人说不出话。真的，谁也不知道意外什么时候来。没发生在自己身上的时候，我们都是个看客。
缺钙小甜九,10月8日 23:39,小时候总想快点长大 可以像大人一般随意过自己的生活 真正长大想回到少不更事的年纪 大人的世界太不容易 但又害怕父母老去的太快 只能逼迫着自己去适应成年人的世界 现在处于青黄不接的尴尬年纪 不是完全意义的小孩也不是真正的成年人 想快点长大又不想 身上承载太多的期望 总害怕没有成为想要的样子
一南困困,10月8日 23:29,哈哈哈哈哈哈哈，反正我都是男朋友看自己。他爱删就删
一南困困,10月8日 23:28,但是是男方删的，只是因为女朋友生气了。他能删说明，其实也没这么重要不是吗？
很爱笑的小熊饼,10月8日 23:17,最近真的好累了 好累
弥娜蓝宛,10月8日 23:13,
很爱笑的小熊饼,10月8日 23:12,我比我以为的还要在意和喜欢你
铜火锅汤,10月8日 23:09,原来相思真的可以很苦
弥娜蓝宛,10月8日 23:04,对滴
蒋丞light,10月8日 22:57,三个人的友谊，总要有一个人退场.
我很强我知道嗯,10月8日 22:55,上大学后要是没和喜欢的人在一起上 是不是基本上就成路人了呀哎
她的晚安不见了,10月8日 09:27,我要怎样她才可以不离开
问题不大-yy,10月8日 08:34,他们给你的，都是他们以为最好的
问题不大-yy,10月8日 08:30,哈哈哈哈哈，太真实了
Marchr23,10月8日 05:09,你会不会在世界的某个角落想起我
醉笙诉离歌,10月8日 03:51,不知不觉半包烟已经完了，距分开已经过了2个月零10天7小时08分钟，明天还有早八，不能熬夜了呢，晚安
小唠叨的碎碎念,10月8日 03:03,我总以为那天不会到来，可是那一天真真切切的到来了。人的思念真的是守恒的吧，那天到来之前是姥姥一直挂念着我，自从她离开之后，我总是日日挂念着她。总是想着，如果当时要是能预知一切，事情会不会变得不一样，她会不会再多陪陪我，哪怕是再多几天，几个月也好啊。可是，逝者如斯夫，不舍昼夜。
Suns4ever8,10月8日 02:35,诠释我的生活并教我做人
风太大_2,10月8日 02:35,我很想你 TJH
Winnie哇,10月8日 02:18,段未然最后也没消除姜辛的记忆，而是把这首歌放给她听。
天亮就去跳海,10月8日 02:17,好的坏的都是风景
Yike_2021,10月8日 02:07,再听已是曲中人，原来是这个意思
不在那座小城我才敢明目张胆爱你,10月8日 00:45,“人生和花与树叶都是一样的，我是树叶就在春天茂盛生长，在夏天享尽雨水的拍打，到了秋天就随着寒霜凋落，人生又何尝不是这样，当初年少时像花儿一样含苞待放，花开后的样子虽然很美，最终都要随着岁月流逝枯萎衰败，归于虚无，凋落的话就是结束。” 《亲爱的 不要跨过那条江》
枯木逢春-希望我们是山茶,10月8日 00:24,这首歌需要用夜晚的安静去听对吗
moxidd,10月8日 00:12,一时间不知道该怎么办
蒋雨阳yu,10月8日 00:06,王安娜我还是少那么一点点勇气告诉你想说的话
-康宇欣-,10月7日 23:54,那时候幻想着以后的生活简简单单的和女朋友一起上下班一起做饭做家务是很容易的，而大专刚毕业的我迷茫到以后干嘛都焦虑，道理我们谁都已阅无数，可迟迟不知道那只脚先踏出去，而做好与世界奋战的准备不料一抬脚就被黑中介骗进外省的厂；反思自己究竟能干什么，想要的究竟是什么？朋友 谢谢你能看到这
赫之-,10月7日 23:51,然后我最近偶然见看到那个女生的日常，跟她初中的学习方式完全不一样，以前她还是慢努力学习的，现在天天搞化妆品啊什么什么的，我现在只是觉得什么盖配什么壶。
赫之-,10月7日 23:47,之前我觉得他们是不可能永远在一起的，那个时候那个男的是职高，女生是初中，男生成绩不怎么样，女生还不错，我觉得女生可以考上普高，然后读个本科，我就觉得他们以后的生活思想会不一样，就算在一起，以后也会分开，但是吧！那个女生她居然也考了职高，按她真实水平考个普高没问题的，这让我很难解，
日薄山幽,10月7日 23:47,有孙燕姿的感觉
云村村民163337239482153,10月7日 23:44,时间偷走了我们
小鱼好困O_,10月7日 16:05,一直都觉得，对不起他
小鱼好困O_,10月7日 16:05,是我跟你表的白，是我跟你重新联系，最后分手也是我提的……不是不爱了，我也很舍不得，放不下，但可惜现实不允许，我们可能不是一路人，而且我们都还太小了，未来什么都有可能发生，变数太多了，而且从小家长对我就挺严，不让干这不让干那，我本来就是双子座爱自由，真的不想再过被人束缚的生活了
帐号已注销,10月7日 16:04,一次喝酒的时候，他们说起他们的爱情，他为旧爱买过两次戒指可惜最后也都没在一起，他们相爱五年最后和一个相识不到半年的结了婚……他们默默举起了杯，我想他们都会有遗憾吧，那会心里想的都是你，有你真好
希波克拉没有底_,10月7日 16:04,i am coming
1235957,10月7日 15:55,时间是让人猝不及防的东西
StayAlert,10月7日 15:15,还记得第一次听到这首歌，是因为动物管理局的第21集，段老师要消除姜末记忆的时候，真的有被感动到，眼泪就止不住了，后来也一直很喜欢这首歌，真得代入感满满
野余罪,10月7日 14:26,??孩纸 你不能这样
奇特意境,10月7日 14:05,以前当课代表，发作业，从来不看名字，因为那时候老师改完作业不会把本子合起来，那会儿的我熟知每个同学字迹。可是离高二那年，已经过去了八年，不知道他们怎么样了，岁月真的是小偷啊
寡言者智u,10月7日 13:55,要趁早
憨憨不会k,10月7日 13:52,@不是花火呀
小柯同学听着歌,10月7日 13:49,"有些烟花只能看两次，一次喜笑颜开，一次泪流满面。
有些篝火只能燃烧两次，一次深情款款，一次悲不自已。
有些人只能认识两次，一次慌慌张张，一次匆匆忙忙。"
Travele190912,10月7日 13:39,99~
云村村民163358453544811,10月7日 13:33,。
予北2021,10月7日 12:51,我们还念18吧年夏天，爱一辈子，余生请互相指教，理解和伤害，彼此相爱相杀
予北2021,10月7日 12:49,我俩不陪你们玩了，我们要做自己，要学习成长经历更多有趣的事情见更多的人，陪你们玩游戏太累了，我们的爱坚定，其他信念不管，就是爱无悔
特殊独,10月7日 12:47,孙旭冉，对于你我真的好遗憾
浮侥,10月7日 12:39,珍惜眼前人，珍惜在一起的时光，不要轻易放弃，因为时光不会倒转，永远向前流，我们无法后悔重来
克林-kl,10月7日 12:21,真是猝不及防 回头看了看也两年了 明明是最要好的朋友最宝贵的友谊 真的被时间一点一点冲刷掉了 曾经信誓旦旦的一切都化成泡影了 怎么说呢 你不屑一顾 好像你已经不需要了 我却奉若神明 这让我无法接受 话是我问的 好友我删的 我自己做个了断 风风光光的离开。
Wiiiiiiiii-,10月7日 12:20,我在河北省 祝sy小朋友生日快乐！要开心
小夜,10月7日 11:44,6年了
曼曼子_G1Tr,10月6日 23:39,自己已经半个多月啦 我好像习惯一个人的生活了 有时候也有羡慕别的情侣 可是谁能对我真心呢 我从来觉得真心对别人没有错 可是总是一次一次辜负我 我不特别 我从来没觉得自己对别人有多么重要 任何人都可以代替我 你们总是说我是独一无二的 那为什么没人来好好爱我 有人爱我 可没有人只爱我。
清源妙道真君-,10月6日 23:32,一个人
没有你我依然过得很好zj,10月6日 23:26,恭喜啊
ks杏绾_,10月6日 23:23,时间是过的真快啊 评论好多都是几年前的 现在也要上学了作业还没写完
海螺女孩1998,10月6日 23:23,第一次谈恋爱真的很想和他走到最后，但是就在今天，他不要我了。这首歌是最后一次见他在车上听的。以前有些听不懂的情歌，现在听起来好有感觉啊hhh。好怀念那个时候哦，分手真的好难过啊hhh。
逃不过心动aa,10月6日 23:22,[多多大笑]不说感情不说故事，就希望我一切顺利，考上自己理想大学！！！！！
ks杏绾_,10月6日 23:20,5年了
MH盒子,10月6日 23:20,愿三年后的今天一切都能如愿
你与我de约定-,10月6日 23:15,你成为我吧 成为我 那样你就明白一切了 顺便也体会一下我的难过吧
ihvv,10月6日 23:14,也许等到你四十岁的某个夜晚，开车回家，在某个路口等红绿灯的时候，你突然反应过来，十九岁的时候，那人说的那句话原来是这个意思。
e点1点一,10月6日 23:01,是的需要时间去学习和建立，时间久了有人坚持住，有人学着学着就散了
Opkmi,10月6日 23:00,歌里有故事，所以如此扣人心
一南困困,10月6日 22:49,还有就是他女朋友生气了，是因为吃醋。男生放的下，你放不放得下和他就没有关系了
一南困困,10月6日 22:48,我们自己想的和别人不一定一样，大部分女生谈恋爱的安全感都不是很高。都是需要男生去建立的。
孤慕山水亦境,10月6日 22:47,时间变化不停，不变的是那年蔚蓝天色下的我们@李聿轩_
一南困困,10月6日 22:46,虽然没这么容易放心，但是别人有女朋友啊？那你要怎么办 一定要中间插一脚吗？
隔壁老王的隔壁老李头儿,10月6日 22:38,你换个角度想一想，那个女孩子会怎么想，她会不会因为你们两个的关系难过，女生都是敏感的
因所wi,10月6日 22:36,最怕忘记掉放不下一个人。一遍一遍的听他的歌单
煮粥不加米,10月6日 22:33,今晚降温，有人抱人，没人裹被子??♂?
我还记得她叫十五,10月6日 22:32,时间真的过的很快，一晃我们都要成家立业了，可是这个现实的社会，到底该何去何从，希望后来者，心里有梦，有干劲儿，加油吧
我的青春小鸟一去无影踪,10月6日 17:46,
听说么,10月6日 17:38,好可惜啊，喜欢了这么久，到最后连个像样的结局都没有
桃园阿廖沙,10月6日 17:35,祝福祝福！
Miss_墨,10月6日 16:52,弱弱问一句 第三句不应该用“地”而不是“的”吗？
Annnuuk,10月6日 16:39,我不后悔离开你，你又不是永远的人。
拽哥210616,10月6日 16:38,即使在最黑的夜，也要有最动人的音乐好听
A记住我1909,10月6日 16:19,雨下了好几天，我坐在教室望着窗外，我想你了
江之畔_,10月6日 16:10,我不想住校 我就是个妈宝[多多难过]
别烦屁屁_U4kw,10月6日 15:55,也是你从来没说过一句话是喜欢我～是我自作多情罢了
别烦屁屁_U4kw,10月6日 15:52,想问他我们是什么关系这句话终究卡在屏幕上不敢发出去.
#NAME?,10月6日 15:09,现在好想你
SunFlower-Lin,10月6日 15:06,遇到个干净的女生也太难了
生命不息战斗不止170927,10月6日 15:05,？？？？？？？？？、
缪瑜琦,10月6日 14:46,遇到干净的男生太难了，我说的是干净的
缪瑜琦,10月6日 14:35,什么都不期待是不是也是一种病
会想起冬安么,10月6日 14:00,你应该过的很好吧 我也该离开你的生活了.
我始终坚信你不应该骗我,10月6日 13:52,想问他回不回头这句话终究卡在屏幕上不敢发出去.
愿还能想起,10月6日 13:40,路飞还没当上海贼王，那个女孩还没毕业，我也还没老，青春不会过去的
LOVE-WKK,10月6日 13:18,如果是我，若果她能一直陪我，我也会
优伶__,10月6日 12:47,久久 又快是一年了
奔赴星空_caif,10月6日 00:08,现在是第八年啦，第一年断断续续在，她复读
遍体鳞伤才够爽,10月6日 00:00,这是第几次日推到了啊
香菜好吃么r,10月5日 23:46,可以在等你一个秋天，但是我很希望你冬天会来
帐号已注销,10月5日 23:44,通透
帐号已注销,10月5日 23:42,关注眼前最重要吧 就算不能长长久久 也是见过花开的人 何必在意花落谁家呢 不后悔才是最重要的 格局放大
在海边了捡束花,10月5日 23:40,好久不见 还记得我吗。
罗布藤,10月5日 23:26,我以前听不懂这首歌，今天突然就听懂了
沐o_,10月5日 23:20,。我坐在湖边 以为是在海边 我吹着湖边的风 以为是海风 我喜欢你 以为你也喜欢我 但 湖是湖 海是海 你是你 我是我.
彻夜失语a,10月5日 23:20,只要人没变，你也终究还是你，他也终究还是他，你们也终将会相遇. 99哦
Cha无-ci人,10月5日 23:16,我也不理解，那就不要理解，毕竟，他人如何忘记前任，与我何干
是彗-,10月5日 23:12,成绩都不算太优秀 想上技校的 但是又怕没前途 有顾虑
怀着梦想,10月5日 23:08,我认识八年不也被删，这部前段时间分手又加回来聊天，找了新对象又不打声招呼把我删了，这次我直接拉黑，没必要，谁也不欠谁
冯翰|,10月5日 23:07,小时候 
黛黛喂,10月5日 23:05,天呐天呐，这是我高三单曲循环过的歌，好久没听到了，今天歌单随机播放到了，突然好感慨啊，时间是让人猝不及防的东西……
帐号已注销,10月5日 23:04,忘记一个人需要时间和新欢 有的人选择了新欢 但我永远不理解他（她）们为何选择了新欢
Cha无-ci人,10月5日 23:01,无缝衔接在我看来，算不上喜欢，更像是逢场作戏
HNXXUT,10月5日 22:50,"知道为什么歌词比唱的快一句吗？
因为岁月神偷啊"
Xzi_,10月5日 22:49,谢谢啦
Xzi_,10月5日 22:49,谢谢啦
Xzi_,10月5日 22:49,谢谢啦
帐号已注销,10月5日 18:21,这样可能确实是释怀的最好办法
帐号已注销,10月5日 18:20,你让无缝衔接的人怎么想？？
帐号已注销,10月5日 18:20,不好看 早删了
帐号已注销,10月5日 18:19,emmmm 现在就好好珍惜吧 别轻易说分手就好 记得慎重啊 考同一所高中不难的 加油 别后悔就够啦
老师好请叫我阿学同学,10月5日 18:18,过去就让它过去吧[多多难过]
嘿呦喂AAA,10月5日 18:14,这些你估计不好找哦太老了。尤其是那个奥特曼的鼻祖可赛
钻被窝__,10月5日 18:09,那你也该慢慢释怀了
钻被窝__,10月5日 18:08,慢慢释怀叭
用户5212917904,10月5日 18:00,好的，谢谢
呆滞的小眼神已经看不到风景,10月5日 17:56,pees duo(手动狗头)
傲霜雪_CFeW,10月5日 17:43,奶奶去世的那天，在棺材旁我没看见爷爷，后来发现他躲在房间里拿着奶奶和他的照片在哭。
世界巅巅,10月5日 17:28,谢谢鸭!
世界巅巅,10月5日 17:28,谢谢鸭!
Going阿北,10月5日 17:26,两年了。
别和我bib,10月5日 17:14,十六岁季风迎过玫瑰岛沦落到海边.
七年啊_TPKB,10月5日 17:08,加油啊
memory的daughter,10月5日 17:06,我也不知道以前我那么要强，学习那么好，怎么现在就不敢去学校了呢
睡不醒-睡不着yu,10月5日 16:20,不知道为什么，听到的第一句，就想到了最好的我们，永远的耿耿余淮，再也回不去了，晚上的八点的爱奇艺，昏黄的灯光，与他们同哭同笑，但只要是剧就会有落幕的那一天
小质2005,10月5日 16:05,弹指间，面对考研仅80天
华九九九九,10月5日 15:38,生日快乐
孤独屮星空,10月5日 00:37,祝你们幸福！
Xzi_,10月4日 23:58,还有两分钟十九岁生日 加油吧
依然特稀FAN,10月4日 23:15,对不起自己的岁月，你本不该这样呀
世界巅巅,10月4日 23:06,还有50分钟我就17岁啦 17岁的花花 要优秀要快乐要加油
blbablabl,10月4日 23:00,好困啊！(T?T)
A_槐序十七,10月4日 22:56,爱会消失，承诺会失效，我总不能像个要糖的小孩，总是敲你门吧，你会烦的，所以我根本就，没什么资格觉得你会一直爱我
Unique-澈,10月4日 22:42,有了
何以勿忘,10月4日 22:38,新疆很远，远到四天三夜都到不了，四川很近，近到夜里365次梦见，这里的生活枯燥乏味，我只是期待回去
太阳月亮星星i,10月4日 22:14,从大一开始喜欢你到大三，喜欢了整整两年了，时间不长也不短但是你是我非常用心去喜欢的女孩子，没跟你在一起是我最大的遗憾，遗憾就让它遗憾吧，都过去了也没什么了，这个句号虽然说不是有多么的完整不过我也知足了，谢谢你能够让我喜欢。再见了我喜欢的她。
1704giao,10月4日 21:55,男的 大男孩啊！
1704giao,10月4日 21:55,男同 大男孩！
七言不听话,10月4日 21:52,我会永远记得你的样子 虽然以后不会在有任何交集了 谢谢你来过我十八岁的青春
七言不听话,10月4日 21:50,我听到了关于他很多不好的事甚至很恶心 但是他是我选了好久好久的男孩 我希望他在我心里的样子很好 心里一直给他台阶下 他一直很好 我一直告诉自己 是自己不够好 等你优秀了 他会看得到 但是现实好像不是这样告诉我的 以后你的一切跟我没有关系了 你一定会过得很好 你在我心里一直都很好
七言不听话,10月4日 21:48,有一个男生追了我好久 我以为他很喜欢我我答应跟他在一起了 一个星期前分手了 理由是不喜欢了 我信了 我挽留了两次 暑假他在我生日后一天跟我提了分手 没有原因 随后跟前任复合了 这次同样 第二天遍复合了 之后我听到了关于他的很多事 知道了他在追我的时候就一直没有分手 在跟我在一起前一个星期才分
阿顺ssr,10月4日 21:47,我画床板赔了两百
fdhhcf,10月4日 21:27,都快2022了 不会有人还在听这首歌吧[多多大笑]
念及云海星辰,10月4日 21:23,七年前的歌了
不为什么yu,10月4日 21:18,？？？草？？？nb
YIXHUA,10月4日 21:18,时间其实并不快，只是少有回忆罢了
YIXHUA,10月4日 21:14,有时候还是目光太短浅…永远不知道最好的时间其实是当下
i话事,10月4日 12:38,那年 我们坐在教室的最后一排我低头叼着烟告诉你说 我不信命 读书不是唯一的出路 扛到今天真的很难熬
QS星空,10月4日 12:25,小秋
温昔莹,10月4日 12:25,第一次听这首歌是2020年的疫情封闭期间，是他给我唱的，说是送给我的，我当时没明白，现在我们各自安好了，我一个人再听时终于明白了，却来不及了......
帐号已注销,10月4日 12:22,以后和她不会再有任何交集了，对吧，师傅
朝M---,10月4日 12:17,时间真是猝不及防
只维太一,10月4日 12:06,加油
上杉绘梨衣__非,10月4日 12:01,好家伙
北,10月4日 11:31,破百万
晚樱落下,10月4日 11:14,秒啊
像你也像她,10月4日 10:37,太秀了
野余罪,10月4日 10:31,奥特曼 巴拉巴拉 天线宝宝 加菲猫 彼得兔 海底小分队……
福521,10月4日 10:25,"今天放学后突然看到家里多了一个大鱼缸，里面放了八九条好看的金鱼
我无解道: 怎么突然想起养鱼了
爸爸: 这里空间大，放不了啥东西，干脆买个鱼缸
我静静地抬头观望在灯光下活脱摇摆的鱼，忽的想起小时候自己依偎在爸爸怀里:爸爸，我喜欢小金鱼"
脑袋困了嗷,10月4日 10:21,小时候出远门在车上睡着了醒来就在自己家里的床上了.小时候的超能力为什么长大了就不见了呢？#童年#
云村村民161744912252291,10月4日 10:03,你妈妈很棒，你也要加油！
白川一散,10月4日 09:36,网剧 动物管理局
起名好难sgt,10月4日 08:45,谁规定了好看是这样的，难看是那样的，没有绝对的美和丑，做好自己，自信起来，自信的女孩最美，别在意别人的眼光，加油老妹
陆_夏,10月4日 08:25,00 0
陆_夏,10月4日 08:25,00 0
陆_夏,10月4日 08:25,00 0
褰衣竹风下,10月4日 08:20,相貌不是我们能决定的，但是我们可以试着让自己变得善良，这才是美――相信总会有那么一个人不在意你的相貌，奔赴千里，为你而来。加油哦，小姐姐
随风amnesiac,10月3日 19:39,我也很不理解一失恋就不吃不喝，哭的撕心裂肺折磨自己的女生。大学的时候，看到这样的女生很瞧不起。我觉得这样的人太感性，太傻。难道父母愿意看到你这个样子。直到…唉，自己也经历了，才知道把全部感情投入进去，失去后有多痛，难过到一整天都吃不下东西，瞬间理解了
彡青丶逝,10月3日 19:25,现在再看真让人唏嘘不已啊
听山说雾呗,10月3日 19:17,还在吗
梅生长安,10月3日 19:03,16年拍毕业照，一个班的毕业照，做了压缩包，有几个G，从未敢打开过
兰gx,10月3日 18:38,改版了？感觉还是原来的好听
九离Kelly,10月3日 18:08,网易云热评
勿忘初心_song,10月3日 18:02,我还好，不是很想?，因为她没疼过我，没带过我，反而经常夹在我爸妈中间制造矛盾，导致他们经常吵架，她经常嘴碎跟别人说我妈坏话。所以 有一天她不在了，我也不会掉一滴泪。
zf-p,10月3日 17:57,我今年初三了，还是记得六年级时你对我的承诺，可我们分开了，从以前的形影不离到现在的爱搭不理，时间会消磨一切的，包括爱情、友情，但是亲情不会，要珍惜现在的时光
嘿呦喂AAA,10月3日 17:52,那必须的
用户1422091485,10月3日 17:47,总觉得哪里不对……
那是前程也是梦,10月3日 17:37,再等我几年吧 等我更强 等我能独立 等我再不要面子 等我再等自己几年
久别不重逢的他,10月3日 17:33,抱抱
也就只有你了,10月3日 17:19,都2021年了，不会还有人听吧
阿尔卑斯雪熊,10月3日 17:17,听得扑在电脑桌前泣不成声，我的成长真的累到窒息
Freeeeee_w,10月3日 17:13,说实话真的挺遗憾的
一枚乙太,10月3日 17:03,
pw,10月3日 17:02,希望下一次再见，可以鲜活又明亮。愿我们在没有彼此参与的世界里熠熠生辉。我的生命里，无疑会有很多个夏天，但没有哪一个，会如今夏。
PlutoCharonL,10月3日 16:51,我们好像一样，我也是
PlutoCharonL,10月3日 16:45,好啊，一起去
爱女孩的男神,10月3日 16:31,我刚大一我也刚上大一
被被是杜高,10月3日 06:21,科比离开了 但是他一直在
油炸小颖,10月3日 01:40,时间一晃又三年。老师说过:三年真的很短，现在我才真正意识到这句话的真实，我忘不了我们一起和老师斗智斗勇的日子，忘不了一起抄作业的日子，忘不了帮某位同学出头的日子，忘不了你们每一张笑脸……但是，这些美好的事物，明年却都看不见了……我要毕业了，152要散了……我的初中生活也要结束了……
梨花_f2aV,10月3日 00:51,我奶奶19年6月29日远离我了，以后我再也看不到她了，只能在相片里有她的回忆
京昭尚,10月3日 00:50,“兜兜转转才发现以前才是最好的，晚了.”
bin哥哥_cn5M,10月3日 00:44,从前车马很慢 一生只够爱一个人
万能的TATA,10月3日 00:44,好想我奶奶?
万能的TATA,10月3日 00:40,加油 祝你也祝我
万能的TATA,10月3日 00:30,想奶奶? 童年啊
23456789_,10月3日 00:26,所以我发现男或女都能理解
黑水里的鱼,10月3日 00:21,突然翻到以前的照片想想之前觉得没什么大不了的，许多年后的现在在看才发现世界早已颠倒回不去了
xx,10月3日 00:05,的却，时间是让人猝不及防的东西，自己也只年轻这一次，但我始终是没能鼓起勇气……
敲幸福的门-,10月2日 23:53,这让人惊艳的内心，谁遇见是有多幸运
旅者异游,10月2日 23:46,知道吗，遗憾就是遗憾，改变不了的，他只是不喜欢我而已
屿崽_,10月2日 23:42,我是过路人，我在安徽省祝叶大欢小朋友生日快乐不止今天！少年不惧岁月长，彼方尚有荣光在[多多耍酷]
990星辰990,10月2日 23:40,心疼你
#NAME?,10月2日 23:28,夺笋啊
忘无道,10月2日 23:27,从第一次看电影逆时营救到现在，又过去了多少岁月啊。人生还很长很长
白雪公主_RBeu,10月2日 23:26,想到30年后的自己，我要放下悲痛
白雪公主_RBeu,10月2日 23:24,猫病了，心痛呀，我就是那只猫
余烬-T,10月2日 23:15,加油！
林木木mumumu,10月2日 15:46,就这样吧，都留在回忆中最好的时光里。
wonder弘,10月2日 15:31,其实我们认识也没有多长时间，但你在我那黯淡无光的日子给了我希望与快乐。哪怕是你不辞而别呢。。。
橘忧cc,10月2日 15:04,哭了
可惜你意识不到,10月2日 14:07,考上了重高一切都很好！希望每个身处谷底的同学们都能上岸，加油！
可乐_kcUJ,10月2日 13:34,我们一起去偷时间吧[多多比耶]
a真的没有响泥,10月2日 13:23,最喜欢的一首歌
许铭酱,10月2日 13:06,岁月偷走了好多东西哦
吹吹吹来了春风,10月2日 12:57,岁月偷走了好多东西哦
该忘了我吧-,10月2日 12:25,其实呢 我们也没有什么遗憾的 我喜欢过你 你也喜欢过我 我手也牵过了 抱也抱过了 哭也哭了 所以我们应该没有什么遗憾了 要说遗憾的话 那就是没有能跟你好好看场电影 没能好好跟你出去旅旅游 没能好好跟你出去看看日出日落 也没能好好跟你在一起走到最后 你知不知道我真的很想跟你有很长很长的未来 很想
花归X,10月2日 12:09,记得这首歌在初中很喜欢很喜欢，后来我步入高中，在高二的某节数学课上脑海里突然想起了这首歌，初听不知曲中意，再听已是曲中人，满脑子都是那些说不尽的遗憾
那些你很冒险的梦_x5nf,10月2日 12:05,爷爷是最爱我的一个人 可是呢 他还是没等我长大 就去旅行了 如果他等我就好了。
奶猫_Dani,10月2日 11:38,一定要文采斐然吗我磕磕绊绊叙意不清的词句也是爱啊
小析翊,10月2日 11:09,大多数人不敢表白，其实最怕的不是被拒绝，而是怕对方在某个茶余饭后，对方跟朋友们讲起这件事时，用的是这样的语气
浩24_5XAv,10月2日 11:05,f'de
乖乖_OTmf,10月2日 11:04,情出自愿 事过无悔。路遥车远，不负当下，好好爱自己。
亡音喵,10月2日 10:30,都是球迷
许嵩雅俗共赏的科幻,10月2日 10:03,像薛之谦的等我回家
M鳢,10月2日 09:26,对啊，都要向前看
M鳢,10月2日 09:25,别伤心啦
不知雪人,10月2日 08:55,加油！
璇总_wiky,10月1日 21:09,"慢慢的你会明白
你需要的不是一个嘴上说多爱你多爱你的人
而是一个无论发生任何事
都还能陪在你身边的人"
狗蛋蛋23333,10月1日 21:06,1
狗蛋蛋23333,10月1日 21:05,10月一号9.05潘新月在我旁边
凝望星星的人,10月1日 21:03,真的好难过好难过，因为没有时间了。还没熬到下次考试，爷爷就永远离开了我们。但爷爷，你知道吗？我现在真的真的很优秀，可以稳在全段前五了，全市也是前几名。在天堂，一定要照顾好自己啊，我会尽力的。很感谢很感谢你对我的照顾，我曾怀疑过是不是上辈子拯救了银河系，才换来这么好的爷爷。谢谢您??
凝望星星的人,10月1日 20:58,时间真的好快 爷爷走了快一年了。当时爷爷住院时，成绩退步好大，考了全段四十三名，爷爷打来电话还是以前那句
城北叶未落T,10月1日 20:56,她靠了许久，我还在打游戏，左手有些微麻，也不忍叫醒她，sf下车后，我去给老姐买奶茶，路过了好几个奶茶店，没成想她竟然也要买奶茶，竟然还是同一家的，我承认我有些心动，也许是因为体验这不长久的女朋友所带来的影响吧。
不能打开文件,10月1日 20:54,莫名其妙的死掉吧，，，
城北叶未落T,10月1日 20:53,今天做长途从重庆到sf，上车没注意位子，到要走的时候才发现自己坐错了，赶忙往后面走做到13号，12号靠窗是一个女孩子，仅仅对视了一眼，一路也没怎么说话，但是她半路开始睡觉，脑袋像拨浪鼓一样点点停停，我看她疲惫的样子，把肩膀往她那边靠了一靠
星星和你都很温柔,10月1日 20:46,2021年高三毕业了，可是却是带着遗憾毕业的，没有真正努力过也没有给自己一个好的圆满的句号
酒稻草,10月1日 20:43,海贼王还没完结
博林布鲁克监狱,10月1日 20:21,怎么了？万不可退学
亦随风qu,10月1日 20:02,小家伙
_TvGy,10月1日 19:32,一辈子哦
不能也不想忘记,10月1日 19:31,"想念你 但是不知道你是否想念我
没勇气再见了"
伤心的老实人_ZeIz,10月1日 19:31,我买三年黑胶会员。明年过期啦
夜仔的鱼,10月1日 19:21,谢谢啦好人一生平安嗷
夜仔的鱼,10月1日 19:19,谢谢啦！
夜仔的鱼,10月1日 19:19,谢谢啦
夜仔的鱼,10月1日 19:19,谢谢！
拥有姓名,10月1日 19:07,加油
Mh鹤一,10月1日 07:41,小三？？？？？
Mh鹤一,10月1日 07:41,同意！！！！
城南花未开-_,10月1日 07:38,能够握紧的就被放了
喜喜喜喜喜糖,10月1日 04:44,祝听到这首歌的
A丶沐葵,10月1日 02:45,抱憾终身
枭鹰军,10月1日 02:35,最近真的挺迷茫的，上课听不懂，和对象是网恋，对象又不和我打电话，真不知道这段感情该咋熬了
嘿呦喂AAA,10月1日 02:03,孩纸我经历的多一点而已
蜻蜓队长与铁甲小宝的爱情故事,10月1日 01:58,这个急刹车差点没刹住
_Samantha_,10月1日 01:58,可他为什么伤害我们共同的时间呢
半夏凄凉半夏伤,10月1日 01:33,昨夜做了一场梦，梦中我一家团圆，和和睦睦。可是，却因为我笑出了声，便再也回不去那场梦
Ihsanyang,10月1日 01:13,我谈过一天的恋爱，她就是喜欢听这歌
魅幻1,10月1日 00:17,加油
命犯桃花2105,10月1日 00:09,sqsqsqsqsqsqsqsqsqsqsqsqsqsq，I love you
艺聿,9月30日 23:49,和一个超乖的小朋友在一起听这首歌?
野余罪,9月30日 23:48,孩纸 你很成熟哦
说情话给云,9月30日 23:45,久久拉
Vianan薇,9月30日 23:40,时间过得好快。
Vianan薇,9月30日 23:39,最近听了很多关于时间的歌曲，以前没听懂的，现在听得心酸。
旖旎1027,9月30日 23:16,听着音乐 看着你的经历 理解明白 感同身受 祝福你
懒散的林,9月30日 23:16,一样一样
喜欢你yb-,9月30日 08:40,所以你想娶两个嘛？
白刃入空手-,9月30日 08:15,多想想我有反应斤斤计较工序加固笑哈哈相互尴尬查查超级超级就那哭唧唧急急急科技科技哭唧唧69666
还在吗l_l,9月30日 07:27,你永远不会知道我多么爱你
浅田奈奈子,9月30日 06:34,本来新高考可以选科，我还是选了原来的理综，我们班是走班制，看到那些选物化政和物化地的我羡慕了，有那么一点点后悔
浅田奈奈子,9月30日 06:32,我今年高二，也是选的全理...太难了...班上全是大佬（本来我中考也是踩线进实验班，现在在班上就是20多名那种...作业太多了，我没想到高二就只能睡五个小时了...唉自己选的科不管怎么样也要认真学下去啊..
好玩的潘子延,9月30日 05:45,真的很快吧。
丿口口口口灬,9月30日 05:17,终于，做了一个梦，好想再喊一声爸 妈我回来了
Then一,9月30日 04:51,"所有的一切都会过去的，
最终我们都会跟时间握手言和。
一年、两年亦或是很多年……
我都不怕。
时间偷走了青丝却留住了回忆，
所有的一切都将深埋在心底。
不会再去刻意打搅你的生活了，
唯愿此生一切安好、顺遂，
识知己，遇良人。
此生，
就此别过。"
口天吴99,9月30日 04:12,厉害了
UIXJHA,9月30日 02:05,岁月是偷走你青春的小偷 在人生这趟旅行中 有人陪了你一生 有人只陪了你一程
落后及,9月30日 01:59,多少个深夜里有写故事如鱼在梗却无人可诉说
满眼遗憾拥有过知足,9月30日 01:39,三年了，阿姨可还好？
白菜组长搞皇社,9月30日 01:38,与其感动自己，不如让她看看没了她生活能有多滋润
S子青,9月30日 00:48,只能说 几乎完全一样了
S子青,9月30日 00:40,最近学吉他想弹这一首给你当生日礼物，可惜大概等不到那一天了
S子青,9月30日 00:40,差不多 同是天涯沦落人，祝你好眠
今天网e了吗,9月30日 00:26,我至今记得第一次听这个歌是在初二去数学老师家补课下课后回家的公车上，现在大专大二在医院见习了
鲤鲔_,9月30日 00:22,快乐止于2021.9 拉垮的自己和突如其来的鹊巢鸠占和早已安排好的结局。
张起灵张起灵张起灵张起灵,9月30日 00:01,我以前喜欢的学长喜欢听这首歌
手游来要拖,9月29日 23:36,知道吗，研究证明找我玩游戏和边听歌才是释放压力的正确做法哦
王某不做舔狗,9月29日 04:02,以前被人规划到未来里是顶级浪漫，现在叫做画大饼
4433220,9月29日 02:28,这是她第一首为我唱的歌
4433220,9月29日 02:26,自己逼迫自己放手的时候，真的很难受很难受
元气大叔的班主任,9月29日 02:05,现在是21年，祝你快乐每一天
撑月捞星,9月29日 00:58,五年啦 今天我也拍毕业照了
屠大夫,9月29日 00:37,初听以为孙燕姿
_没事就吃溜溜梅_,9月29日 00:12,加油鸭
穆棹,9月29日 00:06,哈哈
菅田桑呦,9月29日 00:02,原来你一直在默默关注我，我其实也放不下
今天我在迨可,9月28日 23:44,可以喜欢，但最好不要
今天我在迨可,9月28日 23:44,今天看见了断了好久联系的初中好朋友直博的动态，震惊了好久。时间真是个神奇的东西，同样的年纪有人背着时间偷偷考上了博，而也有的人却还在盘算着考研选什么方向
_好喜欢艾哦歪_,9月28日 23:39,16岁的女孩可以喜欢29岁的男老师吗
融洽1978,9月28日 23:38,只愿有人陪你看云淡风轻。
xyxyxy_t,9月28日 23:30,安徽！
A南笙旧梦1,9月28日 23:29,抱抱
诗兮-蝶,9月28日 23:28,如果我腰缠万贯，我肯定会全力帮助你的，可我现在家破人散，自己都难的要……只能送你一句加油
白珩_wh,9月28日 23:23,我突然找不到意义了。爱情是适应平淡吗？谁都没有说不爱，这么谈的话，可以谈好长时间，但也无趣的很。关键是我看不到未来了
喜__,9月28日 23:17,后来我也学着大人的模样总在饭前喝点酒遇到事就吸点烟开始不知道为什么后来我也戒不掉
海蓝时见鲸_xxh,9月28日 23:14,“我也有了女朋友，准备明年结婚”男的吧
小羊怎么睡不够,9月28日 23:11,依然记得18年夏天在安徽上班的时候 吃饭时间没有去吃饭 就坐在中央大道上吹风听着这首歌 等一个人的到来
中二晚期的范先生,9月28日 15:04,你这音色，你这唱法，实在是没办法让我不联想到孙燕姿，你第一次开口，我都以为是孙燕姿
123HQR,9月28日 14:22,比起评论区的各位，我很庆幸没有过多的去触碰爱情，大概是伤过一次之后就感觉没什么意思，还不如多上上班攒攒钱啥的
开以糠,9月28日 14:08,我一个男人都想找一个这样的男人
衿心丶,9月28日 13:59,小时候真傻，想着长大。
past____,9月28日 13:51,17年我去香港做交换生与你擦肩而过，18年你有男朋友了，19年我毕业了，你留在合肥了，浩浩说你是对我最好最纯洁的姑娘，我依然还记得第一次喝多跟你搭讪，把你名字叫错，叫成徐盼盼，那是16年5月。丁姐我刚想你啊
你的名字已经归我啦,9月28日 13:40,我昵称后面英文是他名字的缩写
你的名字已经归我啦,9月28日 13:31,现在你上高一我上初二。就让你把我的青春带走吧……
你的名字已经归我啦,9月28日 13:29,"2020年我初一你初三我12你15在据中考100天时我喜欢上了你，每节课一下课都会去上厕所，害得我的朋友说我尿频，可谁知道我只想和你偶遇。
记得有一次下课你和我对视了我开心了一整天。可是，在中考的前几，天我看见了你牵着别的女孩的手，带着她送你的皮筋。我就知道我没有机会了。"
水中一龙,9月28日 13:03,听听
十_,9月28日 11:15,小时候在亲戚家长大，父母离婚了，我被通知跟了我爸。没多久我爸和小三再婚了，继母怀孕了，我陆续有了妹妹弟弟。我生母也再婚了和一个也有一个女儿的男人，他们尝试要个孩子，我生母看了医生也没有用。后来我上了高中住校不想回家，大学我去了别的城市，远离他们。
AprilAll,9月28日 10:50,我是个太容易说放弃的人 每次自觉坎坷就会选择逃避
安徒生童话Antstha,9月28日 10:40,现在过的好吗，是不是很遗憾
寒枭_King,9月28日 09:45,不过是时间错乱了，你来的不是时候。。。。。。。
zdd0901,9月28日 09:32,还好吗？很想您们。天冷了，记得加衣服，记得来看看我。
懒散的林,9月28日 09:09,听了一晚上，最后还是选择抽了一支烟
---⑿∠--,9月28日 08:57,成年人的时间哪有那么多开心的事
---⑿∠--,9月28日 08:56,有的时候不知道因为什么情绪莫名的低落
郑是我的神明,9月28日 08:01,感谢感谢
GeokH,9月28日 02:23,mark
V1n_蔷薇氏,9月28日 01:01,其实我真的很喜欢这个与我有关世界
还是那个_,9月27日 13:51,时间过的好快啊！我才十七我就有点抗拒长大了
还是那个_,9月27日 13:50,2021年9月27日，明年就要去实习了，今年是最后一年了。现在的我老喜欢回忆过去，我现在过的很不好，喜欢几年后能比现在好点，不像现在能么迷茫就好。以前身边的那群好朋友好像在去年的时候都没了，路不相同不相为谋。身边人来了又来走了又走，不像以前了，难过的事可以给朋友哭诉了。时间过的好快啊！
浅唱残歌,9月27日 13:32,啊啊啊 好喜欢你那个《如果这就是爱情》
风终落叶彡,9月27日 12:21,信息量巨大
爱洛小姐,9月27日 12:16,我在WAITING也看到了你的评论[多多捂脸]肖申克的救赎
Tequilalllla,9月27日 11:43,很幸运和喜欢的男孩子在一起了这么久，现在已经是第四年啦
Rosalind_k8b4,9月27日 11:19,夏天过去了，我们…也该说再见了，祝我们各自安好，再也不见......
垃圾公司,9月27日 11:14,可惜没如果
陈小兮yyds,9月27日 10:53,这是他那天晚上下大雨送我回家 车里循环播放的一首歌 好想他 不想让他去当兵 无能为力。[多多大哭]
陈小兮yyds,9月27日 10:50,这次他下定决心不要我了 放过他 上交国家 [多多大哭][多多难过]
贺德米尔克先生,9月27日 10:15,杨同学喜欢姚同学，喜欢了两个三年，花掉了彼此的青春，杨同学现在却还没事没搞懂姚同学，转眼大学接近毕业了，把最后的感情放在姚同学推给杨同学的这首歌上吧，大学毕业，杨同学就会变成杨先生了。这首歌也就不会出现在杨先生的生活里了。
啦啦myjmth,9月27日 08:06,晚上做梦，梦见奶奶了，梦见奶奶病好了，我们在梦里有说有笑的，觉得一切都好好的，当听到闹铃响起，突然醒来，心里一下子就空了，失落了……时间啊……
可爱的诺白,9月27日 07:19,拥有过失去
唯愿栩,9月27日 04:14,有被当做过替代品吗，我有过，那种感觉真的好难受，我说的话，做过的事她第一时间想到的不是我而是他，你既然放不下他忘不了他为什么要说喜欢我，为什么要骗我，为什么要和我开始，为什么骗我，骗子……大骗子……
小时代101_nkex,9月27日 03:41,"可能对他来说，女友和朋友是要做个选择的
可他这样做对你来说算什么
也许这就是选择吧，或许也是结局"
阿来的故事,9月27日 03:24,春水不解风情，误了春风
A--黎吧啦,9月27日 02:06,我突然想起来第一次见你的时候你的样子 马上一年了 你在我心里还是那个干干净净的少年 我想起第一次和你牵手亲吻的那天 看着你傻傻的脸 我心想我们要是能永远相爱就好了 现在是2021.9.27 我依旧爱你??
是你的颜大大,9月27日 01:16,社会上的事少打听
想好了没有_QcWK,9月27日 00:57,加油 希望你可以和你弟弟战胜病魔，兄弟永不分离
想好了没有_QcWK,9月27日 00:55,喜欢你了三年，却因为种种原因分离了，我也放下了，她对我很好，我也爱着她，希望你未来的他对你犹如我对她一样好，甚至超过我…
咕噜米西,9月26日 15:25,压力大
几时再叙_,9月26日 14:54,高一的我
其实爱早醒了1,9月26日 14:29,还没有到来
陪我去看花么-,9月26日 14:22,可不可以慢点忘记我
豌豆射手--,9月26日 13:49,第一句就破防了啊
Darling庆贺,9月26日 13:22,在见不了面的日子里要把自己照顾好哈
黄俊熙1903,9月26日 12:54,还好吗？2021年了
Caihoshi,9月26日 12:41,再意难平 也得平。。 破防
Caihoshi,9月26日 12:38,歌词太好了
嗯啦思路,9月26日 12:33,我也是?
i0426x,9月26日 12:18,我姥姥去年查出来宫颈肿瘤 化疗的过程很漫长很痛苦 看到她浑身难受的躺在床上 吃什么都吃不下 连喝点奶都会吐出来 那段时间我和我妈妈小姨她们一起照顾她 夕阳落在病床上照着她刚刚染黑又长出来的白发上 我感慨时间真的是让人措不及防的东西 还好最后是良性 现在已经恢复健康 愿你和妈妈一切都好 真的
QAQqyh,9月26日 11:28,岁月珍贵，值得珍惜
乌污云,9月26日 10:13,我又输了
奔赴星空_caif,9月26日 09:56,她现在一直在
用户3814046279,9月26日 09:52,加油！陪妈妈走过黑暗！
努力变成小富婆_faMf,9月26日 09:50,我们终将上岸 阳光万里
许弄影,9月26日 09:38,你说过会和我并肩，到底是意难平，从此只盼安好。
海目_,9月26日 08:58,一定会的呀
`[_300RMGVV,9月26日 05:36,只顾着喜欢，却忘了合适
`[_300RMGVV,9月26日 05:36,没有很筷乐，也没有不快乐，好像不该这样，也只能这样
青城慕百花,9月25日 18:02,别想这么多 没用的
半痴半醉半虚伪_9Bsf,9月25日 17:37,这首歌好听，曾经那个活不下去的少年，已经离开了我七八年了。
AY___________,9月25日 17:17,又改版。。。。。。
_TvGy,9月25日 17:10,你相貌平平 可是你惊艳了我好久、。
_TvGy,9月25日 17:08,别留遗憾哦′
蠢哭哭哭,9月25日 17:01,看了评论里很多故事 只希望能跟现在眼前的男孩走到很久的未来
Reeder_,9月25日 16:52,有点像
huangsy艺,9月25日 16:48,其实心里早就有了答案 就是不肯承认你不够爱我 就是不甘心让自己深爱了那么久的人 最后连个像样的交代都没有
奔赴星空_caif,9月25日 16:25,长长久久，百年好合
学会171208,9月25日 15:51,我想结婚了
高文兮,9月25日 15:50,网易云每首歌下面都有这种打耽美擦边球的高赞评论，我只想说，不管是真的还是想蹭热度，你们让可爱无辜的女孩子当同妻都该死
Brooklyn_Baby1003,9月25日 15:29,三年前我们一起在寝室唱这首歌
等待_L__L,9月25日 14:15,长大这两个字，孤独的连偏旁都没有…
A7_Aurora,9月25日 13:56,可她不知道的是我并没有暧昧对象，只不过是长期的热情换来的是一次次的否定，每一句不合适都在慢慢消磨我追逐她的勇气。还是很感谢那段时间她以同学、被追求者的名义陪我度过高中最迷茫最无法适应的日子。还会再见吗？下次见面又会是以什么名义再见呢？大我七个月的老阿姨。
格格巫a_e,9月25日 13:46,你说 人应该活得清醒吗
月儿_Qv1D,9月25日 13:18,人海遇到的人终究会离开
漫画女主欣,9月25日 12:58,可惜有的人是冰 是万年不化的冰。
热河路就像八十年代的清潭县,9月25日 12:54,几年前听这首歌，封面还不是这个，
你压到我腿毛啦_o,9月25日 12:41,我们之间的回忆永远属于我们 我不希望他把我们的故事告诉另一个女孩子 即使他现在不属于 我没有勇气再去追他回来 他的个性我知道 好马不吃回头草 虽然他会用小号给我点赞 但我知道我们回不去了 从说分手那天晚上开始 他现在有女孩子啦 我只希望他平平安安 健健康康
头像无法显示中,9月25日 12:23,6
会一直是他w,9月25日 11:28,然后回家以后我们闹了矛盾 第二天你就把我拉黑了 我就又哭了 然后我就用快手联系你让你把我拉回来 你说不 当时我问你是不是不想好了 你也说不 我就不知道该怎么着 就和你耗着 然后当时我在外面手机也没电了 我就问了你最后一次还好吧 手机就关机了 到家就八点多了 打开手机第一件事就是看你信息
会一直是他w,9月25日 11:28,后来每一天都让你气哭 真的是气死个人 我很放心你对别的异性 也给了我很多的安全感 我们第二次分手怎么说呢 很复杂 那一天是星期五晚上 我和你见面 当时你发了个作品你弯着腰牵着别人的手 你就和我说你牵着个女的 当时我很生气很生气 你也没和我解释太多 我就真的以为是个女的
会一直是他w,9月25日 11:27,我还记得你有一次喝醉了 别人就和我说你喝醉都叫我什么的哈哈哈哈 再然后过完年我就回盘阳了 我们也差不多天天见 当时也很好 还记得有一次你和我说那些女的 我就感觉怎么说呢反正是很不开心 再后来呢我就开学了 然后我就弄上了你的手机号 每天晚上给你打电话 然后放学回家晚上和你打电话
会一直是他w,9月25日 11:26,然后我们就回家了 有一次因为qxf哭了 那是第一次为你哭 我也问清楚了 也没有什么大事 再然后就过年了 我回了老家也很长时间没和你见面 我们也就分了一次 是因为你很烦！当时真的很难过很难过眼肿了好几天 我以为我们真的散了 然后你又来找我 毕竟我也不想分就和好了 我们也就分了几个小时哈哈哈
会一直是他w,9月25日 11:25,然后你就和我一块走 不让我和她们一块 真的很尴尬 然后他们都走了 就我俩在那里 然后就一起去辛寨 当时你把我带到那里以后你就没管我 你和别人说话 我在那里站着 真的很尴尬很尴尬 当时我就心想死也不和你出来了 再然后在乐美多有个男的和我还有zyx说话 你过来就说这是我老婆 当时太感动了
会一直是他w,9月25日 11:24,本来我是想等你打完游戏 我没坚持住睡着了哈哈哈 再后来我们第一次见面 当时真的好尴尬 你也不过来找我真是的 然后我就走了 你待会就给我发信息问我去哪 我就说上老吴那你又不和我说话 然后你就跟过来了 我在那里站着 你走过来摸了一下我的头说的第一句话就是你怎么这么矮！
会一直是他w,9月25日 11:23,本来我是想等你打完游戏 我没坚持住睡着了哈哈哈 再后来我们第一次见面 当时真的好尴尬 你也不过来找我真是的 然后我就走了 你待会就给我发信息问我去哪 我就说上老吴那你又不和我说话 然后你就跟过来了 我在那里站着 你走过来摸了一下我的头说的第一句话就是你怎么这么矮！
会一直是他w,9月25日 11:22,我还记得有一次我下午出去了没拿手机你给我发了很多信息 然后又发了个恨伤感的快手 我就截图给zyx说是不是我哈哈哈 再后来呢 我就想让zyx套套你的话 最后你就和我说好不好 我当时真的不知道该怎么着 然后就好了 还记得那一天晚上第一次和你打电话 你在打游戏我就听着
会一直是他w,9月25日 11:21,我对你也就有了一点点好感 但是吧 我这个人就很敏感 当时你总发些伤感的作品 我以为你是有忘不了的人 我也没想和你谈 然后我就去上学了 在学校我就成天和别人说你 我还和zyx说我有点喜欢你 她就说看出来了 我就问她关于你的事 我就感觉我对你来说也没那么重要 回家以后我也是成天等你信息
会一直是他w,9月25日 11:18,我还记得你在快手上要我微信我没给哈哈哈 就是因为当时还和别人好着没打算给你 反正最后你也问别人要了 加上也没怎么说话吧 再然后我就分手了 也刚好那天晚上你和我聊天 我又和你凌晨打游戏 关系也好了不少 后来我请假在家 你就问我为什么没上学 我就说胃疼 然后那几天你就一直在和我聊天 还挺会照顾我
董D__,9月25日 10:45,2014年我们在一起，异地三年，2017年她毕业了，也考上了稳定的事业单位工作，2020.5.20，相恋六年的我们终于结婚了，梦里的小女孩从此在我枕边。
只爰一人,9月25日 10:39,怎么说话老是好么？
郑是我的神明,9月25日 10:08,感谢感谢
__g,9月25日 10:07,奶奶时间过的好快呀，不知不觉您已经离开了我四年了，孙女很不孝，您回来打我吧骂我吧，我这次都听您的，我真的好想你，你在那边过的好吗，照顾好自己，希望下辈子换我来照顾你，这十几年您辛苦了，奶奶我爱你.
郑是我的神明,9月25日 10:05,感谢噢，愿你万事顺意，越来越好
郑是我的神明,9月25日 10:03,感谢感谢
千城_笑话,9月25日 10:03,提前128天 新年快乐
郑是我的神明,9月25日 10:01,感谢感谢，要早睡噢
victory35,9月25日 10:01,"单向付出从来没有好事
多交朋友 会有好朋友的"
__g,9月25日 10:01,我也好想
日落白昼,9月24日 19:46,时光静好不曾惜，细水流年不曾念，繁华落尽终是悔
爱丫爱丫_yu,9月24日 19:40,因为那个人在那里
大白米饭_,9月24日 19:37,这个歌前面几句唱不了，该怎么办
Ysandre啊,9月24日 19:33,考研真的压力大 不过没事 我会上岸的
二凝1007,9月24日 18:57,哭了
Blank__oo,9月24日 18:42,争不过朝夕...
怎么我睡不着你也不来救我Orz,9月24日 18:28,还好下载了 还是旧版好听
小田喜欢千玺,9月24日 18:07,不是过年没了年味 而是我们长大了
zero-忘心,9月24日 16:56,信息量好大
stacystacystacy,9月24日 16:18,pba
不要白我了,9月24日 15:37,真希望我喜欢的女孩可以眼里有一点我，哪怕我只是一个备胎，可却也能短暂拥有她
挨泡波娜呢,9月24日 15:08,本能拥抱的人拥抱不了了 ，昨晚在梦里见到你了，我们和好了，我还是很像个小孩子一样在你身边，那种感觉好真实，很舒服，所以我可以清楚的知道，我爱你，而不是执着。
要做个技术玩家,9月24日 14:57,分手了吧
because喜欢,9月24日 14:33,我在陕西省祝郑诗颖小朋友生日快乐
lemon-柚儿,9月24日 14:28,我以后老了怎么办，那些广场舞看起来好难。
有鹿了_,9月24日 14:00,我高一的时候听的歌 现在大四了 突然又被我听到了
未来的NBA选手,9月24日 11:47,[多多笑哭]
等墙头长满枝丫,9月24日 11:47,争不过朝夕，又念着往昔
未来的NBA选手,9月24日 11:47,d(^^*)))
未来的NBA选手,9月24日 11:42,哈哈哈哈哈，放松了吧？
棋子吃鱼,9月23日 20:33,抱抱
张CCI,9月23日 20:16,害
星空_faic,9月23日 20:08,我爱你
云村村民162783316004422,9月23日 20:06,[多多大笑][多多大笑][多多大笑]
都府堤,9月23日 20:00,(? ??_??)?
樱桃小丸子_E9as,9月23日 19:47,不是谁的白月光，也不能拥有白月光
atom_individual,9月23日 19:18,四年里的第三年，好快
阿南yaaa,9月23日 18:56,散伙是人间常态
一个深情de舔狗,9月23日 18:54,孟婆啊，多年以后，如果你遇见一个叫张雪娇的女孩，请你转告她，有一个男孩好爱好爱她，请您在她的汤里加点糖，爱了这么久的人，我不想让她皱眉，下辈子，我还要遇见她，我真的很爱很爱她
池鱼_wxj,9月23日 18:04,有一个喜欢了六年的男孩子，后来离开我了，却成为我的意难平
45-J,9月23日 17:32,很可笑 我也很傻 傻到早早的就脑子一热给了他 可我不后悔 我相信 这会是我人生的一次有意义的经历 但要我再选一次 我宁愿这辈子都没遇见他 或者从来就没有在一起过
45-J,9月23日 17:30,9.13那天晚上 我和我喜欢了四个月的男孩子分手了 我追了他3个月 在一起了29天 心情其实就和坐过山车一样 很痛苦 我失眠脱发吃不下饭 心一狠 删了他所有的通讯方式 但是我到最后我都没有骂他渣男 没有说什么重的话 因为我真的好喜欢他 他离开我的理由是 他想前女友了 所以当晚分手完 凌晨他们就在一起了
FF0028,9月23日 17:23,0
江川川n,9月23日 17:01,我妈怀胎2月后，我出生了，我只为遇见你.
风起念旧,9月23日 16:38,刚开始听这首歌时当时评论还没过万，今天偶然发现36万评论了
云村村民163236113183764,9月23日 15:46,天天
爱采花的小姑娘,9月23日 15:37,如果再来一次 我一定让他觉得我高不可攀 温柔至极 人间宝藏 只爱我自己
不要香菜不要芹菜谢谢,9月23日 13:21,世界很大，不妨勇敢一点，不负青春，不负人生
习惯11067,9月23日 13:05,今天是我生日也是结婚10周年的日子?
_我也将心向明月,9月23日 12:49,我也没拍
LV-vicky-26,9月22日 22:25,我爸75，我儿20。。。老爸说五年小目标要看儿子大学或研究生毕业拿工资，十年要看儿子结婚生子。。。不过去年暑假儿子发挥数学特长赚了补课费，今年暑假儿子把大学女朋友介绍给了大家，。。。老豆，一定要身体棒棒，这样我们才能实现第一、第二甚至第三个五年计划
别疯狂,9月22日 22:22,更新，词曲会有头像
LV-vicky-26,9月22日 22:18,岁月是一场有去无回的旅行，好的坏的都是风景。。。曾经陪着你上车的，没到终点便下车转乘地铁了。。。对错不重要，只不过非常遗憾，遗憾二十年后的这个结果是生命中最大的遗憾。
永夜ya,9月22日 22:06,希望大家都开心，我的朋友家人们。时间长河中，小小水珠，要有向上的情绪。
-ycrush-,9月22日 21:18,所有的爱都是接力棒 新旧交接
说谎精__,9月22日 21:11,一万年太长 只争朝夕
碎碎念yz-,9月22日 20:55,那就祝我们岁岁安安。
你好故乡1,9月22日 20:54,趁中秋和她聊了两句，她结婚了还给我发了新鲜出炉的婚纱照，我突然觉得我的青春结束了。我的白月光再也没有了，我祝福她中秋快乐。
沐丨辰丶_WntM,9月22日 20:44,我爷爷去世的时候，前一天跟他说好了第二天去看他，第二天我因为睡懒觉没有去，10点多接到电话，我爷爷走了，真的很后悔
林御瞳,9月22日 20:29,谢谢
时倾时忆,9月22日 20:20,那些年一直循环这首歌，你说你是真的喜欢我，会因为吃醋到失眠，后来渐行渐远。我还是没有忘记你。一直如此。
时倾时忆,9月22日 20:19,那一年一直循环这首歌
时倾时忆,9月22日 20:19,都会幸福的
麋鹿959,9月22日 19:40,爷爷昨晚离开了我们 我的爸爸没有了爸爸 一瞬间我觉得他老了好多
南来北去何时归,9月22日 18:49,这个车翻得有点猝不及防
星空_faic,9月22日 18:19,"初次相遇是17岁倔强的我和18岁骄傲的他
再次相遇是24岁脆弱的我和25岁温柔的他
这一次他向我走了九十九步
我在向他跨出最后一步的时候意识到
原来这么多年
我真的很想他
只不过一直压在了心底里
以后
我要一直一直赖着他
永远不放手"
陈琳煜2109,9月22日 17:24,一去，再也回不来了，痛哭一场，忘记吧。[多多难过]
陈琳煜2109,9月22日 17:20,有去无回，相似经历，?????????
先锋之锋,9月22日 16:33,。月到中秋分外明，佳节喜气伴你行?今夜月明人尽望，不知秋思落谁家。送上香甜的月饼，连同一颗祝福的心，中秋快乐！有一句话存在心里很久，怕暴雨把它淋湿，怕狂风把它吹走，怕寒气把它冰冻，怕烈日把它晒透，终于盼到中秋佳节，我想对你说
泓-同学,9月22日 16:27,别说了，我当时都不相信这件事，突然发生的病情，我老师带着我我都以为认错人了，到家才知道，生命就是怎么突然，上个星期还在姥姥家吃饭，当时只觉得时间还长吃完就上学了，没想到就是永别了。不要以为家里的爸妈和老人身体还好，别和我一样失去了才后悔
方茴和路星河,9月21日 22:47,好像在中秋这一天就会突然想念起一些人，祝大家都幸福快乐，能爱到所爱的好人
小花不快乐,9月21日 22:34,对不起 是对我自己说的
小心高温,9月21日 22:08,初中星期四中午放学的时候放的歌，我依然记得全校回荡着这首歌的感觉。现在听着歌闭上眼，就能回到初中的生活，想起老师在这首歌的声音里讲课，阳光洒在走廊里，我们漫步回家，只可惜，现在都只剩下了记忆，只能感叹岁月真的是神偷……
zxd爸爸,9月21日 22:03,一定能
神明_nS4K,9月21日 21:58,时间真的可以改变一切吗
森时纪,9月21日 21:55,第一次听这首歌还是初中，那时候我们趁着下课的空隙就偷偷用多媒体放歌，《岁月神偷》《十年》是我印象最深的两首，现在听好像就回到了年少青春那时，不同在于当时感慨的是初中毕业了，而现在……
喧嚣-clamour,9月21日 21:42,加油哇 都会有这么一天的
也想搞创作,9月21日 21:41,岁月是自己的！
残雪江南风,9月21日 21:39,考到哪里了
两个比较懒的人,9月21日 21:16,这首歌的封面换了
爱-与,9月21日 21:10,时间重来不等人 等你的是我
李xsen,9月21日 20:56,姐姐你会遇到一个对你好的人的，加油哦
凌期,9月21日 20:53,不如，你还不是求而不得
凌期,9月21日 20:52,可是你要车要房要存款，物质基础之上全部满足，这样的他有多少?
-沐白笙-,9月21日 20:41,用漫不经心的态度，过随遇而安的生活
未来可期-奋发高中,9月21日 20:19,初来乍到，多多关照
李xsen,9月21日 19:53,希望她有一天想起我吧，我不会怪她突然离开和那些谎话
怎一捧诗间土尘_Btly,9月21日 19:49,今天是中秋节，祝大家中秋快乐
ALi丶弑神一号穿甲弹,9月21日 19:46,真的是年年岁岁花相似
ALi丶弑神一号穿甲弹,9月21日 19:46,优秀
衿_槿,9月21日 11:26,和平分手那天第一瞬间我慌了，我一个在爱情当中高高在上的人居然开口挽留了，他说了很多为我好的理由我不相信让他说一个我相信的理由，他隔了好一会说出一句“我还是喜欢单身的感觉”我答应了反过来提出了分手，即使最后一刻依旧还逞强要做高上的那位，即使手机前眼泪已经悄然落下，却还是说着玩笑的话
浮岛0_0,9月21日 11:12,嗯嗯谢谢你，其实说出来就没啥大事啦。中秋快乐啊！？
气氕氘氚氙,9月21日 11:02,3Q
sweatheart_sl,9月21日 10:51,祝大家中秋快乐耶，记得也要开心一点呢，加油！
六七一鸭,9月21日 10:50,关于我妈的一切.
白何n,9月21日 10:48,家人才是最了解你的人，他们知道你的不懂事，可还是无私的爱了你10多年
铅笔芯kk,9月21日 10:33,我考上了哦
铅笔芯kk,9月21日 10:32,哈哈哈，高二了哦
_鱼几,9月21日 10:22,谢谢你
钟宗峰,9月21日 10:22,时间过得真快 第二个年头不在家过中秋了。依旧喜欢这首歌 加油吧
刘怀程,9月21日 10:00,青春对爱的懵懂，使我没关注家人的爱，也没有结果，后悔莫及，时间很快[多多耍酷]
优秀男孩_优启,9月21日 09:47,我在河南省祝小梓同学生日快乐！同时高考加油哦！
云烟莫雨,9月21日 09:20,好像不太对劲
#NAME?,9月21日 09:14,哇 真是个好消息呢 爷爷肯定会快快好起来的！
最后一点阳光下的玫瑰,9月21日 09:11,希望爷爷一直陪着我
南山日夕佳,9月21日 09:07,其实 那天和你拥抱 我说的那句你没听清的话 是 我们要一直在一起
喧嚣-clamour,9月21日 09:06,高三啦 明年高考
等风来的木木,9月21日 08:25,359982路过
八拔巴霸,9月21日 07:48,原谅我执念太深
carrieching815,9月21日 07:38,哭了
我要前途你值吗,9月20日 21:26,晚上好
酒卿易居年,9月20日 21:25,啊，我没看懂是怎么回事
八嘎_s3Ls,9月20日 21:22,他会在另一个世界为你感到开心的
sir小程,9月20日 21:04,我在山东师范大学祝小梓同学生日快乐!同时高考加油哦！
wwwwyy_i,9月20日 20:26,今天是2021年9月20号 今晚的月亮格外圆 可能是因为明天是中秋节叭 明年的这时候我就是一名高中生啦 希望我能如愿考上自己喜欢的高中 希望能一直保持热爱
军帅可爱的,9月20日 20:09,年少有为
锦小巧,9月20日 19:53,作为河南考生，来自农村普通家庭，王书杰发誓24高考我就算是连滚带爬也要进郑州大学
一半烟火一半山河,9月20日 19:44,没有人看到，老澳离我们南海有很大的地理位置嘛。老美老是在我们南海上搞又吃了闭门羹。拉来老澳这个冤大头?，把澳卖给了还给老美带来经济发展。老澳本来就是无核技术，一个核潜艇是个引子后续要各种买技术吧。再加上老澳这么反黄种人。随便一嗦使又是一个傀儡
杳杳忆檀,9月20日 19:43,二伯说等我上大学他要签字，等我结婚等我有孩子，但是他食言了，他还没看到我上大学。我想告诉他，我在天津大学，我现在是我们家第一个大学生了，你回来看看呀，你来我梦里看看
#NAME?,9月20日 19:23,青年时好好沉淀 然后过上自己想要的生活...
#NAME?,9月20日 19:22,一个人也没什么不好的...时间自由 就是有时候孤单了点...
#NAME?,9月20日 19:21,国泰民安 家人健康 学业顺利 平平安安 ...
#NAME?,9月20日 19:18,抱抱你！！生活还要继续 要振作起来 还有很多美好在前方等着你呢 加油哇
#NAME?,9月20日 19:15,路过的云友可以回复我一句吗 我很久没和别人说过话了...谢谢你呀
#NAME?,9月20日 19:08,那就祝她开心点吧 成绩稳步提升 中考大捷 考入理想的高中 不被烦心事所扰 我说不出憎恨的话...毕竟曾经帮助过我那么多
#NAME?,9月20日 19:05,是不是说 她不和我在一起就会很开心？也许吧 我是个很无聊很寡淡的人...不爱开玩笑 话很少 成绩一般般 长着一张大众脸..
林御瞳,9月20日 19:01,奶奶走了 缓过来了 爷爷你又去住院了 不知道该怎么办了 为什么一下让我经历这么多
#NAME?,9月20日 19:00,我把她当作我最好的朋友 可我不是她最好的朋友 可能连好朋友都算不上...现在连朋友都不是了...她说她和我在一起玩 不开心...可是我真的很珍惜她这个朋友啊...
#NAME?,9月20日 18:57,云村是我孤独时的存心之处...
老溟,9月20日 18:56,相识于人海，那就归还于人海罢
红了樱桃晓,9月20日 09:36,我的脾气很差控制不住我自己，又很擅长冷暴力一生气就好几天不想理你，我和她格格不入我这样想她那样想真的很难，我选理她选文所以上同一所大学很难吧，她就像一个小孩子什么都不懂好笨拙，没有办法理解我她也不会表达可是每次都让我这么伤心这么苦恼，就在我生日的那晚她说生日快乐我说分手吧
君泽想眯会,9月20日 09:26,我和你同岁，你妈妈应该46左右。这么大年龄生孩子，你也要注意你妈妈的身体
Yifel,9月20日 09:15,g
Hear丶茂叔叔c,9月20日 09:14,第一次花钱的歌，好听有感觉
Amy雷敏,9月20日 09:05,兜兜转转又回到了起点，留下的都是真的
_笑对生活_,9月20日 08:59,群体只要不是全部为女性，习惯称为
Spirifox丶,9月20日 08:22,。。。
云村村民162798262425453,9月20日 07:27,寸金难买寸光阴。
明智之举阿宁,9月20日 07:16,我姥姥姥爷都是这样想的， 我是看抖音井朦 唱《岁月神偷》推广电影《关于我妈的一切》真的被这个电影戳到了
钱多多_W9Wc,9月20日 03:06,南山的风吹散了谷堆，北海的水淹没了墓碑，你应该看我一眼，又有几分像从前，结婚3年，两个女儿，很多时候都我自己自愈，说了不听再也不说，
P耳叁木,9月20日 03:04,感觉没有原版有味道了。。。似乎还多了一丝油腻，少了以前那种娓娓道来的感觉。
我爱人参果_,9月20日 02:12,处处是经验，处处是教训。
AtLs_2H,9月20日 02:11,那么多年还是在听这首歌
Mea咩呀,9月20日 02:08,我也是
Mea咩呀,9月20日 02:06,一定可以
不知天下1812,9月20日 01:25,我什么时候才能遇见梦里的那个她，嗯
中考不进八中不改名_向685冲刺,9月20日 01:16,小男生?女朋友?
S尼,9月20日 00:54,听这么伤感的歌，你会找到合适的人吗？
柚子子子红,9月20日 00:18,婆婆那年59岁
凡心未灭-吾不可及,9月19日 23:57,有没有人敢把喜欢的人发出来？（父母家属就别说了）
婷婷万事顺意,9月19日 18:29,不知不觉爸爸已经走了七个多月了，爸爸我好想你啊，以前我总是和你吵架，现在好后悔啊，你能不能在回来看看我啊
遗憾是为常态,9月19日 17:56,“我24了啊，曾经那个眼里有光说好以后一定会混的很牛逼的我已经走了快十年了啊。”
榕生-,9月19日 17:45,时间不是解药，但是时间里有解药
八号baibai,9月19日 17:19,emo了
八号baibai,9月19日 17:18,2016年觉得高中很慢，转眼间已经到了大三面临了就业升学
Rosew99,9月19日 16:55,确实
遍体鳞伤的倔强,9月19日 16:53,我爷爷在我结婚之后的第三天过世了，真的好遗憾那时候没有好好陪伴他，现在只剩下回忆了
Mr__不靠谱,9月19日 16:49,我是随机听的 听到哪首特别想你了就艾特一下你 你不是从来都不回复么 从来都不在意么 今天真的是太阳西边出来了 而且这个时候应该是在睡觉才对啊 药停了？看来咳嗽好的差不多了 
顾黎桉,9月19日 16:09,你要记住，那年我十八
逝恋的飞鱼,9月19日 16:05,现在也即将面临毕业了吧 时间太快来不及抓住
JayCn_枫,9月19日 15:57,放手吧 他并不爱你 给自己留些尊严
liduxz,9月19日 15:52,这不是张舒送你那首“原谅你走过的那些曲折……”
李易佰,9月19日 15:36,找10个人的友谊，5男5女（高一以上最好），以后会发展成什么不知道，一起打电话，一起聊天，相互理解，相互包容，相互帮助（如果有一天愿意了。可以选择退出，我们会挽留你但不会强求你留下，但是我还是希望，现在是10个，未来也是10个）文案是复制过来的。我确实真诚的（因为我是高中生，过几天就去学
帝迪滴嘀敌地狄嗒哒,9月19日 15:30,你值得更好的
洛神-绝对领域,9月19日 15:29,"她都不会过多解释，说明根本不在乎你。
世界那么大，少了她一个又何妨呢？加油?"
霖lyx,9月19日 15:10,好家伙
网易云da网易AI-,9月19日 14:33,一中的姐姐祝福你啊～（doge）
网易云da网易AI-,9月19日 14:30,xs就不怕肾虚。
网易云da网易AI-,9月19日 14:27,所以你俩都是男的...？
卟伶卟伶小仙女,9月19日 14:07,男版 女版 这首歌都有不同的意义，不同的味道
曾是一个可爱的女孩,9月19日 02:17,
把我留在这流泪的夜里吧,9月19日 00:40,我会握紧你的手
生拥奶鹱,9月19日 00:37,我也才知道哎
TQ雾,9月19日 00:10,zha
{o33,9月19日 00:00,男人都不忠诚 很自私 不爱为什么要在一起 爱又为什么不好好爱 为什么还要背叛 为什么要有新鲜感
#NAME?,9月18日 23:53,才知道哎！
绣虎崔巍,9月18日 23:52,能够握紧的就别放了
凉屺1901,9月18日 23:40,我们已经分开大半年了，我还是没有习惯没有你的日子，我不敢回头去想我们经历的很多事情，没有什么愿望。只是想着即使年年不见面，也要岁岁平安。最后，你一定要幸福啊。
you的心跳声,9月18日 23:30,告诉你一个小秘密，用两个手指往屏幕中间同时滑屏幕，就可以抱抱我哦，不信你试试！ 抱了要留下消息哟，我要抱回来[多多调皮]
不切实际的自信LCF,9月18日 23:25,十年前还不懂爱情是什么，十年后才想起当时的你，是那样的美好
Liekkas持心,9月18日 22:59,让时间说真话虽然我也很害怕
Azik月亮,9月18日 22:57,分手啦，大半年了经常吵架，上半年是不见面就吵见面就不吵，下半年了熬完异地恋，现在却一直吵架吵的不可开交，都在用最伤对方的话刺激着这段感情，吵的凶了也让我们看不到未来了，就放手了他还是骗我，我还是愿意相信他这就是爱啊，我无条件相信你堵上了余生却没抵得过这些小事
坎坷之路v终抵星空,9月18日 22:54,渣男！
抽象pai艺术,9月18日 22:40,2021年9月1号在一起的，纪念一下哈哈哈，我好喜欢她，在相处了一个月后，终于她答应了，岁月啊别乱偷我们两个在一起的时间哦
xiloters,9月18日 22:38,怎么换封面了？
xx,9月18日 22:25,那个时候在学校天天听
寥-_,9月18日 22:22,好快啊 感觉去领高中录取通知书还是前几天的事，可是现在的我已经是高二学姐了。分科分班之后才发现原来大家在一起待的那一年是多么美好珍贵，之前一起养成的习惯到了新的班做不到就会不怎么舒服。我还是不习惯上课前很多人迟到的晚自习和下课前几分钟突然开始吵的自修课……
xpl天天开心,9月18日 22:18,为什么不让我梦见你
枯木悬孤日,9月18日 22:16,这可以说是很好了！虽有遗憾，但两个人却在以另一种方式互相陪伴与扶持，不比在一起差许多。况且对于有些人与事来说，完满固然好，但缺憾，有时未尝不是一种美。
xpl天天开心,9月18日 22:15,会在某天和我相遇对不对
你再难遇我o,9月18日 09:47,感谢相遇
我静香可不怕你,9月18日 07:53,"17.8岁喜欢的人真的会惦记很久。
相遇是幸运可能我所有的幸运全用来遇见那个男孩子所以没有多余的幸运让我们在一起。现在他有了一个可爱的女朋友我也很是祝福，喜欢终究还是喜欢可是再也没有说出口的勇气，所以祝他幸福啊"
桔子少女1704,9月18日 07:41,前奏还以为是不能说的秘密………
#NAME?,9月18日 07:17,生日快乐
阿肆-阿伍,9月18日 05:48,嘿，你好，现在过的开心吗
酷酷的宝丶丶,9月18日 04:09,岁月如梭，25年来你剩下的也不多了，但你还可以拥有的更多，把失去的和未曾拥有的都拿回来。而现在最需要的就是一个态度。
可乐jjking,9月18日 02:49,我们兜兜转转最后又在一起，可是我又把她弄丢了
山巅自相逢_y,9月18日 02:25,祝我生日快乐
qz__,9月18日 01:43,"其实买不买iPhone 13Pro Max根本不重要，日子过的开心就好，人不能活的太虚荣。
(来自iPhone 13Pro Max远峰蓝色）"
小黄同学-hrr,9月18日 01:19,我们的相识是16年在饭堂端着饭菜相撞，我当时弄脏了你的衣服，后来因为中间好友我们熟络了起来，在认识你期间发生了好多好多事情，吵架，冷战，甚至删好友...不过庆幸的可能是在兜兜转转这么一大圈，今年我们还都没走远。希望接下来你可千万不要再放手啦，我亲爱的，陈先生?
话费太贵v,9月18日 01:19,刚听的时候 是在马来西亚当交流生 现在已经大学毕业了
爱意怯生生,9月18日 00:52,天很蓝 找个风大的天 把我忘了
奥特mua_0906,9月18日 00:38,我在河北省祝马海莲奶奶生日快乐
奥特mua_0906,9月18日 00:37,一定要一辈子
前面HY,9月18日 00:13,"竟然如此之真诚，感伤之余，欣慰非常
祝好，幸福！（我不是一个不愿回忆的人，愿止步的所有美好岁月青春能飞入日后的甜意梦乡）
To LRK
―《自己的“天亮以前说再见”》"
前面HY,9月18日 00:13,"end，
初二到大三，
瞄了一眼QQ（2457天前成为了好友），
初中互为倾慕，
却不入言中，
后各去一方，
仅因人各有志，
未曾为之努力，
高考后只一次相见，
中间自以为释怀，没想最后的最感伤的是你刚刚的官宣，
那之前应该还未释怀吧，不过现在一切都沉了下来，毕竟2457天是也不短了，
最后心里的祝福也"
糙老表,9月18日 00:00,外婆离开我十多年了真的好像好想好想她
周不告诉你,9月17日 23:59,成年之后 就没有轻松二字 等待保研结果的前夕 但愿?? 一步一步来
我想想你所想,9月17日 23:57,时间真的是个很可怕的东西，一直以为自己还小，父母舅舅姑姑们正值壮年。长辈突然去世赶回家，看到小时用的桌子，上面刻的名字和贴纸，仿佛时间没过去多久，却又悄过了十五载。突然发现父母舅舅姑姑们都苍老了，村里人吊唁也看到了世间百态。人去如烟散，不知道以后我去世时候场面如何，又有谁会记得我
奔赴星空_caif,9月17日 23:48,你也会遇见
Astraeus-Liu,9月17日 15:04,你外公最开心的就是你可以开心成长，就像他在照顾你的那些年里，所有的愿望就是自己的宝贝外孙女开开心心，健康平安，只要不忘记就可以了，好好生活，做一个好的大写的人，你外公一定会看着你幸福的！
Astraeus-Liu,9月17日 15:01,傻瓜，你这样放不开你爷爷知道了只会更心疼，更难过，他肯定也想你可以开开心心的，五年了，你以为只有你自己过不去，其实最难过的还是你爷爷，他这五年你想想得多么心疼你，多么自责，本来，老爷子最希望的就是你来开心心，谁知道最后你因为他而不高兴，好好生活，只要不忘记你爷爷就可以了。
Astraeus-Liu,9月17日 14:57,哎，兄弟，希望你可以一直记住你父亲，也希望你可以一直好好生活，加油，你父亲肯定想看到你开心健康
Astraeus-Liu,9月17日 14:56,只要你心里记住这个人了就可以，之后就是你要好好过自己的生活，这样你最爱的人也会欣慰的
著名慢歌鉴定家,9月17日 14:38,你说的太轻巧了，景可能还是那些景，但人真的不太可能是当时的人了
云村村民162139377903735,9月17日 14:30,没关系呀，毕业了是一个结束，也是一个新的开始，还是要努力让自己变得更好！
-岁岁照海棠-,9月17日 14:15,我爷爷奶奶也是这么说的
胡噜噜噜噜噜噜噜噜,9月17日 14:15,为啥封面图改了？
洋葱大蒜头,9月17日 13:15,岁月偷走了封面
Mia李雅倩,9月17日 12:52,时间过得好快啊，转眼毕业都四年多了，工作换了3份，来到新城市也将5个月了，现在还没对象，要不就过年相亲吧
GOIFUN,9月17日 12:07,#黑胶故事# 李李 我每天都在等待和期盼，数着日子过，等着我们见面的日子。因为我知道在你内心中累积的所有小情绪和小无奈都会在见到我出现在你面前的那一刻时全部消失溶化，我也会满心欢心的给你一个拥抱和亲吻。
GOIFUN,9月17日 12:06,#黑胶故事# 我每天都在等待和期盼，数着日子过，等着我们见面的日子呢。因为我知道在你内心中累积的所有小情绪和小无奈都会在你见到我出现在你面前的那一刻时全部消失溶化，我会满心欢心的给你一个拥抱和亲吻。
GOIFUN,9月17日 12:04,我每天都在等待和期盼，数着日子过，等着我们见面的日子呢。因为我知道在你内心中累积的所有小情绪和小无奈都会在你见到我出现在你面前的那一刻时全部消失溶化，我会满心欢心的给你一个拥抱和亲吻。#你也在偷偷努力吗#
别丶来o恙1906,9月17日 11:39,我能说这个故事里面的三个人都有些渣，楼主别打我，
心若寒冰_LVYA,9月17日 09:55,"梦在远方 你在心上
红尘很美 只因有你?"
十月落在秋,9月17日 09:43,树欲静而风不止 子欲养而亲不待
爱不曾离开yy,9月17日 09:38,时间真的是让人措不及防的东西！
独自的烟火_d7p8,9月17日 09:24,前女友爱我，我喜欢着的人却刚刚有男朋友了….
你躲什N,9月17日 07:27,争不过朝夕又念着往昔
丸子欧巴-,9月17日 07:20,人就是总喜欢作贱自己玩
桃白白白,9月16日 18:21,封面为啥换了
古往声,9月16日 17:39,悄悄偷走你的青丝，却依旧留不住你・・・
你你你你你你还会想我吗,9月16日 17:32,这样。。。。
GiGibuffon千禧王,9月16日 16:27,好
gaosifa,9月16日 15:44,云端有梦也有你
云村村民163134701371038,9月16日 15:36,理解，但很无奈
云辞伤,9月16日 14:16,等她年底结婚，我就放下了
山是水,9月16日 14:03,哭了 珍重
秋日胜春朝a,9月16日 12:42,@还想接着吃 @野七171027 @bvua @次次次次品 真实
原来_X9Xs,9月16日 11:24,那年我十七岁。情窦初开的年纪，爱上了他，他是我老师，对我特别特别好，有好几次我想对他表白，可是没勇气。现在觉得如果当时努力一下，也许会成功，也许就不会错过。在这里我想对他说，我一直爱你，爱了你九年
霖铃铃上课啦,9月16日 11:18,[西西惊吓][多多捂脸]
不为谁而作的歌Calendar_girl,9月16日 10:48,宝，要是明年的生日我们还在一起，你就向我告白好不好？
你总是最温柔,9月16日 10:33,往前走吧，身后没什么可留恋的
看海时看你,9月16日 10:30,想起初中的时候和朋友围在一起唱这首歌 现在大家都考去不同的学校了 好久没一起见面了
__小-唐__,9月16日 10:14,你走了，走得一声不吭。
小馋猫嘻,9月16日 10:13,你都大三了 怎么样啦
申微六,9月16日 10:13,加油哇陌生人
苗老师加油,9月16日 09:45,时间过得真快，毕业一年多了，这大半年心态一直都有问题，工作不快乐生活也不快乐，现在工作也辞掉了，不求太多，只希望自己可以过得快乐一点，也不要奢求太多，过好每一天就可以了。
时间的被子912,9月16日 08:31,突然今天再听这歌，明白了一件事，原来那些你不耐烦的日子，可以轻易打断我的日子，是因为我那么毫无保留的爱着你。祝好，不再相见也许最好。
小确幸小窃喜,9月16日 07:36,能够握紧的就别放了
秦大帅plus,9月15日 17:52,现在想想那最火的几条球迷评论仿佛还在昨天，没想到被删好几年了，这也是一种岁月神偷啊
苦瓜焖鱼,9月15日 17:17,我在广东省祝ZT大朋友生日快乐?
苦瓜焖鱼,9月15日 17:16,未来的日子会好的，祝安好
苦瓜焖鱼,9月15日 17:15,我也很爱我妈妈，祝安好
苦瓜焖鱼,9月15日 17:14,会有那么一个人的出现，觉得你倾国倾城。祝幸福
苦瓜焖鱼,9月15日 17:13,好难呀，我也没有答案。但我不会去和一个不爱我的人在一起。祝幸福
why暖草,9月15日 17:01,"我也想做个岁月神偷
偷的自己的时间
留住倍感珍惜的人
可是我却没有程为岁月神偷"
天亮后就别哭,9月15日 16:54,岁月不是偷走妈妈青春的小偷，我才是。
黄子韬思密达_bocA,9月15日 16:54,摸摸
甜糖____,9月15日 15:30,提前说一声，王医生，你好。坚持初心的你选择了医生，我相信你一定会成为一位优秀的医务工作者，我也会好好的，希望未来的我们一切安好，再也不见了
初夏薇澜,9月15日 15:27,希望你以后过的比我好
初夏薇澜,9月15日 15:26,我还是没能等到你
easkbule,9月15日 14:46,这个前奏跟六公主的modern loneliness 好像啊
站在奈何桥头卖汤,9月15日 14:35,五年了
j智,9月15日 12:38,每次听这首歌 眼泪就会在眼球打转
奔赴星空_caif,9月15日 10:25,加油加油啊
奔赴星空_caif,9月15日 10:25,晚了七年再相遇，显得格外珍惜
奔赴星空_caif,9月15日 10:25,只要相信，总会遇见
Chen_-gong,9月15日 09:45,短发封面 真好看
LetterFine,9月15日 08:14,媛媛，等我啊
爱过我吗--,9月14日 16:02,加油呀！一定可以的
天仙攻老婆,9月14日 15:25,两个gay 还是两个双？希望是后者
吕布天下无双牛,9月14日 14:25,岁月静好～
星辰陨落xxxx,9月14日 14:20,风好大啊，吹散了好多人
名字被]粤,9月14日 13:38,岁月偷走了封面
捕梦网捕到星星,9月14日 11:57,岁月偷走了我们彼此的爱 留下了陌生
星空下的梦2001,9月14日 11:24,这我理解不了啊！
掐着你的脖子说爱你_,9月14日 09:41,总会有意外的，会有的(。-ω-)zzz
STWOPYF,9月14日 09:40,三年了，英语老师课前播放的音乐现在都忘不了。老师，我想你了！
mr巴,9月14日 09:08,听完歌，久久说不出话来，回想往事，一幕幕浮上，忍不住大喊一声
安安静静的老去520,9月14日 07:32,你的一切我不在参与，你的一切也和我没关系了
赵雷的小丸子,9月14日 05:35,早安
-茕茕孑立--,9月14日 04:39,年轻人还没有腰
璎珞之洛,9月14日 01:17,好听
一只肥啾Q,9月14日 00:33,你会遇到那个满眼都是你的女孩子的，加油啊
熊宝吼吼,9月14日 00:32,不去想不去猜…时间会冲刷掉…帮我留下那些真的
樱庭枫太0,9月14日 00:28,我想我一生一世都不会再谈恋爱了。 不再联系，是我对你最后的温柔了吧，总不能把我的感情强压在她的身上，我想该说再见了。至此留下我七年的回忆。再见了，董小姐。
樱庭枫太0,9月14日 00:22,但谁让我是金牛座呢，我的手机换了又换，已经三四年没有见过她的照片了，可我的脑海中还是忘不了她的样子，一切的一切总是那么让人难以释怀。我想我会朝前看，努力实现我曾经规划的一切，虽然这一切中少了她的身影，但我想引用星爷电影中的一句话。
樱庭枫太0,9月14日 00:19,前几天，我还是表达的我的感情，她也很认真的再次回复了我，人不能总是活在过去，总要向前看的，学会释然吧，很高兴能和我做朋友。那一刻我没有思考，没有紧张，没有脑袋空白，没有胡思乱想，我很冷静的回了一句，我也很高兴能够遇见你。是啊，人总要朝前看。
樱庭枫太0,9月14日 00:16,她总是走在我的前面，我无时无刻都在想着和她的未来，我学成，成为程序员，赚足了钱，在未来某一个生日当天出现在她的面前，告诉她我能给你幸福。或许正应了那句话，初恋正因得不到才那么美丽。我在无数个记不清的夜晚，做过同一个梦，梦见我和她有一个未来
