标题,价格,评论数量,店铺名称,详情,标签
戴思一次性医用口罩透气轻薄成人3层医用口罩50只 独立包装,29.90,50万+,戴思（DAISI）京东自营旗舰店,https://item.jd.com/100009140187.html,自营
恩惠医疗100只（每10只独立包装/袋*10）成人医用外科口罩灭菌级保暖男女防细菌防粉尘防沙尘暴10只/袋*10,21.80,50万+,ENVΛE京东自营旗舰店,https://item.jd.com/100018298698.html,"自营,放心购,券300-40"
京东超市稳健（Winner）医用外科口罩50只/盒 三层防护含熔喷层防细菌花粉 细菌过滤率大于95% 抽取式盒装设计,18.90,50万+,稳健京东自营旗舰店,https://item.jd.com/100015108584.html,"自营,赠"
folca100只（每10只独立包装/袋*10）医用外科口罩成人灭菌型三层防护含熔喷布阻菌隔沫（二类医疗器械）,19.99,20万+,folca口罩京东自营旗舰店,https://item.jd.com/100016921672.html,"自营,放心购,券300-40"
维德医疗 一次性医用外科口罩100只无菌级防沙尘暴防飞沫口罩透气清薄三层挂耳式10只*10袋,21.80,100万+,维德（WELLDAY）京东自营旗舰店,https://item.jd.com/100027045384.html,"自营,放心购,闪购,券300-40"
京东超市海氏海诺 一次性医用外科口罩 无菌三层外科灭菌口罩医用 100只独立包装 防尘防晒透气（二类医疗器械）,69.90,20万+,海氏海诺京东自营旗舰店,https://item.jd.com/100017491744.html,"自营,放心购,券999-100,3件8.8折"
维德医疗一次性成人医用口罩50只/盒 独立包装无菌防尘防柳絮轻薄透气防沙尘暴飞沫挂耳式,23.90,100万+,维德（WELLDAY）京东自营旗舰店,https://item.jd.com/100008245615.html,"自营,闪购,券300-40,2件7折"
京东京造 日式超柔 灭菌级单片装100片/盒 一次性医用口罩过滤率99% 白色成人款 （新老品随机发货）,59.90,20万+,京东京造官方自营旗舰店,https://item.jd.com/100017207732.html,"自营,秒杀,2件9折"
云南白药100只（10袋）成人医用外科口罩灭菌型一次性医用口罩三层防护含熔喷布防尘防花粉,29.99,20万+,云南白药健康生活京东自营专区,https://item.jd.com/100016921694.html,"自营,放心购,券300-40"
振德（ZHENDE)德美舒医用外科口罩灭菌独立装冬季保暖面罩 50只/盒（二类医疗器械）新老包装随机,37.50,200万+,振德（ZHENDE）京东自营旗舰店,https://item.jd.com/100014823888.html,"自营,放心购,2件8.7折"
京东京造 一次性使用医用口罩100片/盒 【单片独立装】 蓝色款男女通用 工厂防护,39.90,20万+,京东京造官方自营旗舰店,https://item.jd.com/100016846106.html,"自营,秒杀,2件9折"
京东超市海氏海诺 一次性医用外科口罩 无菌三层外科灭菌口罩医用 50只独立包装 防尘防花粉（二类医疗器械）,39.90,50万+,海氏海诺京东自营旗舰店,https://item.jd.com/100014125066.html,"自营,券99-10,3免1"
霍尼韦尔KN95口罩H950V带呼吸阀25只/盒,119.00,100万+,霍尼韦尔京东自营旗舰店,https://item.jd.com/1306182.html,自营
京东超市戴思（DAISI）一次性医用口罩防尘防雾霾成人轻薄透气保暖口罩 50只/盒(10只装/袋),19.90,50万+,戴思（DAISI）京东自营旗舰店,https://item.jd.com/100013517220.html,"自营,满109-10,赠"
京东超市袋鼠医生口罩医用外科一次性医用防尘口罩冬季保暖男女灭菌级口罩透气50只独立包装成人蓝色（二类医疗器械）,29.80,50万+,袋鼠医生京东自营旗舰店,https://item.jd.com/100015087842.html,"自营,秒杀,2件8.5折"
振德（ZHENDE)口罩一次性医用口罩男女无纺布内里口罩防尘防柳絮防花粉骑行冬季保暖面罩10只/包 防沙尘,3.00,200万+,振德（ZHENDE）京东自营旗舰店,https://item.jd.com/100006349587.html,"自营,放心购,2件9折"
振德（ZHENDE)口罩医用外科口罩冬季保暖防护面罩50只/盒 单只独立装浅蓝,27.50,200万+,振德（ZHENDE）京东自营旗舰店,https://item.jd.com/100008274507.html,"自营,放心购,3件8折"
恩惠医疗100只（每10只独立包装/袋*10）儿童保暖口罩一次性灭菌级防粉尘防沙尘暴水刺印花防细菌10只/袋*10,29.90,50万+,ENVΛE京东自营旗舰店,https://item.jd.com/100018298738.html,"自营,放心购,券300-40"
3M9541V活性炭口罩KN95防甲醛异味烟味防尘装修,149.00,5000+,3M穗兴达专卖店,https://item.jd.com/10020802631446.html,
Dr.Chu初医生 医用隔离面罩一次性3D立体黑色白色防护防尘透气男女网红儿童口罩 【成人白色】M码（50只装）,34.00,10万+,初医生昂王专卖店,https://item.jd.com/10028619571036.html,"京东物流,秒杀,免邮,券29-3,"
京东超市劲度 一次性医用口罩带熔喷层防护口罩医用蓝色三层防细菌飞沫透气男女通用成人50只装,18.90,20万+,劲度（JINDU）京东自营旗舰店,https://item.jd.com/100013642614.html,自营
京东超市unifree 一次性3D立体口罩含熔喷布3层防护防尘男女学生口罩 30片/盒 大童可用,29.90,50万+,unifree京东自营旗舰店,https://item.jd.com/100011880260.html,"自营,放心购,券600-30,2件6折"
福可安一次性医用口罩100只（50只/包*2）防沙尘成人学生男女防细菌医用级透气3层含熔喷布防飞沫雾霾可定制,17.90,20万+,福可安京东自营旗舰店,https://item.jd.com/100010166547.html,"自营,券300-40,2件9.5折,赠"
百医卫仕医用外科口罩独立包装灭菌级一次性医用口罩防尘口罩无菌成人挂耳式防细菌飞沫隔离病菌防护 医用外科100只蓝色,35.90,50万+,贰仟家大药房旗舰店,https://item.jd.com/10021980325305.html,"京东物流,免邮,券300-40"
3M 6200防尘防毒面具口罩化工喷漆油漆农药防护,128.00,5000+,3M穗兴达专卖店,https://item.jd.com/26122388215.html,
京东超市绿德【可水洗】防尘保暖聚氨酯口罩黑色独立包装男女海绵防晒花粉网红潮成人明星同款可订制 时尚款黑色3只装 立体,24.80,20万+,狸花护理护具专营店,https://item.jd.com/28216322038.html,"京东物流,秒杀,免邮"
3M口罩50只耐适康一次性成人口罩细菌过滤效率≥95%平面舒适独立包装防飞沫沙尘暴柳絮花粉透气,109.00,10万+,3M健康生活京东自营旗舰店,https://item.jd.com/100016437434.html,"自营,券300-40"
振德（ZHENDE)德美舒口罩一次性医用外科口罩男女防尘遮阳防尘防花粉冬季保暖面罩 10只/袋 浅蓝 随机发货,3.50,200万+,振德（ZHENDE）京东自营旗舰店,https://item.jd.com/100013833738.html,"自营,放心购,2件7.5折"
海氏海诺【50只独立包装】一次性医用外科口罩黑色成人潮款 无菌三层外科（二类医疗器械）,35.90,20万+,海氏海诺京东自营旗舰店,https://item.jd.com/100017702510.html,"自营,秒杀"
京东京造 医用外科口罩【灭菌级单片独立包装】100只/盒 单片独立包装 冬季保暖 三层防护过滤率99% 工厂防护,49.80,20万+,京东京造官方自营旗舰店,https://item.jd.com/100027703540.html,"自营,放心购,新品,秒杀,每满49-10"
绿德【可水洗】防尘保暖聚氨酯明星同款口罩黑色独立包装3只装,24.80,20万+,狸花护理护具专营店,https://item.jd.com/28216322038.html,
【现货速发】聆懿一次性医用口罩透气防晒成人中国红口罩虎年口罩新年口罩2022内含熔喷布防护医用 【成人蓝】医用 50片,10.90,200万+,聆懿旗舰店,https://item.jd.com/10037438906870.html,"券10-5,3件6折"
百医卫仕 口罩医用防护口罩韩版KF94一次性医用口罩柳叶形口罩白色独立包装25只,49.90,10万+,百医卫仕京东自营旗舰店,https://item.jd.com/100010411955.html,"自营,99元4件,赠"
海氏海诺领多 医用外科口罩白色100只 一次性使用非无菌三层平面型口罩医用 10只*10包,44.90,20万+,海氏海诺京东自营旗舰店,https://item.jd.com/100010040735.html,"自营,放心购,秒杀"
京东超市稳健（Winner）一次性医用外科口罩灭菌级独立包装50只/盒 三层防护医用细菌过滤率大于95%白色款,59.00,5万+,稳健京东自营旗舰店,https://item.jd.com/100014856513.html,"自营,放心购,新品,券300-40"
京东超市XAXR 【独立包装】3D立体一次性口罩防沙防尘三层保暖口罩白色女性男潮款透气 白色30只装,19.90,20万+,XAXR医疗保健京东自营旗舰店,https://item.jd.com/100021509602.html,"自营,券300-40,2件8折"
【口罩金榜推荐 热销50W件】戴思 一次性医用口罩50只装,19.90,50万+,戴思（DAISI）京东自营旗舰店,https://item.jd.com/100013517220.html,自营
京东超市胜丽M9501口罩KN95自吸过滤式防颗粒物呼吸器GB2626-2019耳带无阀通勤防霾尾气溶胶2片装,1.80,20万+,胜丽（SHENGLI）京东自营旗舰店,https://item.jd.com/100012686999.html,"自营,券600-30"
京东超市袋鼠医生口罩医用外科口罩一次性【无菌级】防尘飞沫成人男女通用冬季保暖 10只/包 3层无菌挂耳,5.90,200万+,袋鼠医生京东自营旗舰店,https://item.jd.com/100011531558.html,"自营,秒杀,2件6.6折"
京东超市XAXR 【独立包装】一次性防护口罩熔喷布无纺布防沙防尘防唾沫保暖成人3层 一次性黑色 50只装,19.90,20万+,XAXR医疗保健京东自营旗舰店,https://item.jd.com/100016647456.html,"自营,券300-40,2件8折"
振德(ZHENDE) KN95口罩一次性使用口罩挂耳式防尘透气防雾霾防沙尘暴冬季保暖 无纺布鱼型 30只/盒,69.00,10万+,振德（ZHENDE）京东自营旗舰店,https://item.jd.com/100015587946.html,"自营,2件9.5折"
京东超市海氏海诺倍适威10只医用外科口罩成人防沙尘颗粒口罩遮口鼻一次性无纺布防柳絮骑行透气,3.20,50万+,海氏海诺京东自营专区,https://item.jd.com/100017950858.html,"自营,放心购,券300-40,4件6折"
【灭菌级独立包装】戴思（DAISI）医用外科口罩 50只,29.90,10万+,戴思（DAISI）京东自营旗舰店,https://item.jd.com/100018075998.html,自营
京东超市稳健（Winner）一次性医用外科口罩灭菌级独立包装50只/盒 三层防护医用细菌过滤率大于95%,59.00,20万+,稳健京东自营旗舰店,https://item.jd.com/4979082.html,"自营,券300-40"
京东超市unifree一次性口罩透气防尘三层成人白色3D立体薄款透气大码防护口鼻罩 大脸成人L码3D (30只）,29.90,10万+,unifree家清纸品京东自营旗舰店,https://item.jd.com/100017439100.html,"自营,券600-30"
百医卫仕 口罩N95口罩五层夏季防沙尘医用防护口罩一次性医用口罩双层熔喷布灭菌级独立包装 白色25只,69.90,10万+,百医卫仕京东自营旗舰店,https://item.jd.com/100018517240.html,"自营,赠"
海氏海诺医用外科口罩无菌一次性医用白色口罩挂耳3层透气防护黑色口罩成人儿童环氧乙烷防飞沫病菌 【2件5折】医用外科100只（独立包装）-蓝,129.00,10万+,海氏海诺家庭护理旗舰店,https://item.jd.com/71682354776.html,"京东物流,免邮,券300-40,赠"
京东超市鱼跃 Yuwell 成人口罩50只一次性医用外科灭菌级医用口罩挂耳式防细菌飞沫透气三层防护医用隔离50只/5袋,15.90,20万+,鱼跃京东自营旗舰店,https://item.jd.com/100016797020.html,"自营,1件9折"
【热销20w+】医用外科口罩蓝色50只独立包装,29.80,50万+,袋鼠医生京东自营旗舰店,https://item.jd.com/100015087842.html,自营
海氏海诺 一次性使用医用口罩 独立包装国潮我爱中国红口罩国庆节渐变个性医用 非外科20只,16.80,2万+,海氏海诺京东自营旗舰店,https://item.jd.com/100014076477.html,"自营,放心购,券99-10,3件8.8折"
3M口罩9513轻型KN95口罩防尘防晒透气口罩3D立体成人防护防尘N95防雾霾PM2.510只装,78.00,10万+,3M健康生活京东自营旗舰店,https://item.jd.com/100023017602.html,"自营,放心购,券300-40,赠"
防尘口罩工业粉尘电焊煤矿工打磨装修防毒喷漆60个一次性KN95 60只KN95无阀 内外置鼻梁随机单只独立,37.00,5000+,绿旗个人防护专营店,https://item.jd.com/69639441597.html,"免邮,券99-15,赠"
京东超市XAXR 口罩一次性医用口罩男女无纺布内里保暖口罩防沙尘防防柳絮防花粉骑行透气 50只/袋,9.90,100万+,XAXR医疗保健京东自营旗舰店,https://item.jd.com/100013682114.html,"自营,券300-40,2件8折"
劲度 一次性医用外科口罩独立包装灭菌级成人口罩医用防细菌飞沫防护 50只装,38.90,20万+,劲度（JINDU）京东自营旗舰店,https://item.jd.com/100017620290.html,自营
百和【PAIHO】口罩3D立体一次性防护口罩三层过滤含熔喷布,19.90,100+,百和旗舰店,https://item.jd.com/10024084771376.html,
海氏海诺大麦 一次性医用外科口罩 独立包装 国潮我爱你中国红国庆节渐变三层防护成人医用 50只,39.90,20万+,海氏海诺京东自营旗舰店,https://item.jd.com/100014818573.html,"自营,放心购,券99-10,3件8.8折"
京东超市unifree 一次性3D立体防护口罩 大脸人群适用 轻薄透气含熔喷 三层防护黑色L码30片/盒,29.90,10万+,unifree家清纸品京东自营旗舰店,https://item.jd.com/100011399719.html,"自营,券600-30"
朝伊康医用外科口罩独立包装一次性医用口罩 防护成人防尘防病菌熔喷布无菌灭菌级透气 医用外科灭菌级-每只独立装100个（2盒装）,40.00,10万+,智络达保健器械专营店,https://item.jd.com/10020660015940.html,秒杀
京东京造 【低阻系列】一次性医用外科口罩 100片/盒【灭菌级单片装】6mm泡泡纱耳带 白色,59.00,20万+,京东京造官方自营旗舰店,https://item.jd.com/100026387462.html,"自营,放心购,秒杀,2件9折"
Dr.Chu初医生 医用隔离面罩一次性3D立体黑色白色防护防尘透气男女网红儿童口罩 【成人白色】M码（30只独立包装）,27.00,10万+,初医生昂王专卖店,https://item.jd.com/10030186876608.html,"京东物流,秒杀,免邮,券29-3,"
【魔兽世界联名款】医用外科口罩黑色一次性三层独立包装50只,49.90,2万+,袋鼠医生京东自营旗舰店,https://item.jd.com/100020634638.html,自营
云南白药100只（10袋）医用外科口罩（14.5cm*9.5cm）灭菌型男女儿童学生款儿童款小脸适用医用,29.99,10万+,云南白药健康生活京东自营专区,https://item.jd.com/100009667311.html,"自营,放心购,券300-40"
爱康尼（AIKANGNI）口罩自营3d立体白色成人一次性口罩独立包装冬季保暖薄款透气V型显脸小男女款防尘30枚,30.00,1万+,爱康尼（AIKANGNI）京东自营旗舰店,https://item.jd.com/100022295972.html,"自营,放心购,券39-5,满29-3"
海氏海诺领多 一次性医用外科口罩 独立包装 非无菌三层外科口罩医用（凑单1元2元商品）,1.10,20万+,海氏海诺京东自营旗舰店,https://item.jd.com/100010040739.html,"自营,放心购,秒杀,3件8.8折"
恩惠医疗 儿童口罩医用外科独立50只灭菌级保暖防粉尘防沙尘防雾霾暴防细菌粉尘 50只/袋单只独立包装,29.00,50万+,ENVΛE京东自营旗舰店,https://item.jd.com/100023303584.html,"自营,放心购,券300-40,2件8折"
亿凌 医用外科 灭菌级 2021定制口罩中国风国庆男潮款红女性三层耳罩我爱你国潮创意 医用外科【我爱你中国款】【100只】【独立包装】,73.00,2000+,亿凌护理护具旗舰店,https://item.jd.com/10037565380325.html,"免邮,券50-8,赠"
海氏海诺一次性医用外科口罩无菌50只独立包装（二类医疗器械）,39.90,50万+,海氏海诺京东自营旗舰店,https://item.jd.com/100014125066.html,自营
京东超市稳健（Winner）儿童一次性医用外科口罩无菌级独立袋装30只/盒 白色宽14.5cm 3层防护细菌过滤率大于95%,36.00,50万+,稳健京东自营旗舰店,https://item.jd.com/100006176160.html,"自营,券300-40"
Dr.Chu旗舰店 初医生一次性医用3D立体口罩医用隔离面罩成人男士女士莫兰迪医用外科独立包装 白色M【60枚独立装】+黑色M【60枚独立装】,89.00,1万+,初医生旗舰店,https://item.jd.com/10037530558310.html,"京东物流,券29-3,每满200-30"
朝伊康医用外科口罩独立包装一次性医用口罩 防护成人防尘防病菌熔喷布无菌灭菌级透气 医用外科灭菌级-每只独立装200个（4盒装）,76.00,10万+,智络达保健器械专营店,https://item.jd.com/10020660015942.html,
维德医疗 一次性成人口罩10只医用外科口罩无菌防沙尘暴防飞沫口罩透气清薄三层挂耳式,2.60,100万+,维德（WELLDAY）京东自营旗舰店,https://item.jd.com/100007002245.html,"自营,闪购,券300-40"
京东超市袋鼠医生医用外科口罩防尘一次性医用级口罩独立包装无菌口罩黑冬季加厚男女成人黑色50只/盒精选熔喷布,34.80,50万+,袋鼠医生京东自营旗舰店,https://item.jd.com/100008449837.html,"自营,放心购,秒杀,2件8.5折"
振德德美舒医用外科口罩灭菌精选熔喷布50只/盒,37.50,200万+,振德（ZHENDE）京东自营旗舰店,https://item.jd.com/100014823888.html,"自营,放心购"
DA中国风口罩医疗国潮口罩三层透气医用独立包装防护口罩一次性使用医用中国红宽耳带成人挂耳式舒适 【我爱你中国】医用级【50片独立包装】,26.80,2000+,DA官方旗舰店,https://item.jd.com/10037026375309.html,"免邮,2件8折"
京东超市袋鼠医生医用外科口罩一次性医用级口罩三层防护独立包装防尘冬季保暖白色100只/盒,78.90,10万+,袋鼠医生京东自营旗舰店,https://item.jd.com/100023750556.html,"自营,券200-10,2件8.5折"
一次性医用口罩单只独立包装三层熔喷布防尘挂耳式防细菌飞沫隔离病菌成人防护医用外科 【医用外科灭菌级】单只独立装100只,19.80,20万+,俏芭迪医疗保健专营店,https://item.jd.com/10030890815836.html,
folca一次性医用口罩50只 成人学生男女防细菌医用级防护面罩 透气3层含熔喷布防尘飞沫雾霾可定制,9.90,20万+,folca口罩京东自营旗舰店,https://item.jd.com/100014031992.html,"自营,放心购,2件8折"
京东京造 一次性医用【灭菌级单片装】100片/盒 普通医用 一次性使用医用口罩过滤率99%,46.90,20万+,京东京造官方自营旗舰店,https://item.jd.com/100010981309.html,"自营,秒杀,2件9折"
XAXR【灭菌级】【独立包装】口罩100只,39.90,100万+,XAXR医疗保健京东自营旗舰店,https://item.jd.com/100024574026.html,自营
京东超市昵迪 KN95口罩KF94立体防护成人N95防雾霾防尘PM2.5非医用含双熔喷布一次性柳叶型 【KN95柳叶黑色】-50片独立装,59.00,2万+,昵迪聆度专卖店,https://item.jd.com/10024578213582.html,"京东物流,免邮,每满200-30"
振德（ZHENDE) 德美舒医用外科口罩大童防沙尘暴遮阳冬季保暖 大童浅蓝云朵 30只/盒 独立装 14*9.5cm,23.00,20万+,振德（ZHENDE）京东自营旗舰店,https://item.jd.com/100009201479.html,"自营,放心购,2件9折"
Dr.Chu初医生 医用隔离面罩一次性3D立体黑色白色防护防尘透气男女网红儿童口罩 【成人白色】M码（100只装）,66.80,10万+,初医生昂王专卖店,https://item.jd.com/10029547814464.html,"京东物流,免邮,券29-3,每满200-30"
史迪克医用外科口罩独立包装灭菌级一次性医用口罩防尘成人挂耳式防细菌飞沫隔离防护 【蓝色】100枚（独立包装）医用外科,39.80,20万+,宝泽医疗器械专营店,https://item.jd.com/10031865893740.html,"2件9折,赠"
京东超市三奇医疗 3Q一次性医用外科口罩透气轻薄成人3层医用口罩 1袋10只(非无菌型),5.60,100万+,3Q京东自营旗舰店,https://item.jd.com/100011385146.html,"自营,放心购,券300-40,满109-10"
【买1送1，低至9.95/盒】稳健 医用外科口罩50只/盒,18.90,50万+,稳健京东自营旗舰店,https://item.jd.com/100015108584.html,自营
TELLTRY【可水洗】防尘聚氨酯口罩黑色海绵男女国潮防晒透气独立包装明星网红同款成人防风中国风 大人款【黑色3只装】,26.80,10万+,华沃保健器械专营店,https://item.jd.com/44450730512.html,"京东物流,免邮,券26-2,2件9折,赠"
一次性医用口罩单只独立包装三层熔喷布防尘挂耳式防细菌飞沫隔离病菌成人防护医用外科 【医用外科灭菌级】单只独立装100只,19.80,20万+,俏芭迪医疗保健专营店,https://item.jd.com/10025368716151.html,
n95口罩女夏季薄款一次性黑白色男潮款kn95kf94防尘不勒耳3d立体级别 成人款白色【20只】四层防护--独立包装,19.90,1万+,德清元医疗器械专营店,https://item.jd.com/10035533519450.html,"免邮,2件9折"
京东超市袋鼠医生口罩医用外科口罩防尘成人加厚保暖冬季透气一次性无菌级三层过滤黑色10支/包,5.90,200万+,袋鼠医生京东自营旗舰店,https://item.jd.com/100014124894.html,"自营,放心购,秒杀,2件6.6折"
京东超市恩惠医疗 KN95口罩柳叶型鱼型韩版四层防护防尘透气防雾霾花粉PM2.5防沙尘暴冬季保暖 单只独立装 30只/盒,59.00,50万+,ENVΛE京东自营旗舰店,https://item.jd.com/100015904539.html,"自营,新品,券300-40"
一次性口罩整箱2000三层含熔喷布现货成人口罩防飞沫防病菌防异味 500只盒装【含优质熔喷布】,69.00,500+,凯尔特清洁专营店,https://item.jd.com/10028317769668.html,
京东超市XAXR 【独立包装】 口罩一次性医用口罩男女无纺布内里保暖口罩防沙防尘防柳絮防花粉骑行 白色 50只,29.90,100万+,XAXR医疗保健京东自营旗舰店,https://item.jd.com/100014476688.html,"自营,放心购,券300-40,2件8折"
爱康尼（AIKANGNI）口罩自营3d立体黑色成人一次性口罩独立包装冬季保暖薄款透气V型显脸小男女款防尘30枚,30.00,1万+,爱康尼（AIKANGNI）京东自营旗舰店,https://item.jd.com/100011649767.html,"自营,放心购,券39-5,满29-3"
Dr.Chu旗舰店 初医生一次性医用外科口罩 白色口罩 加宽彩色耳带 无菌灭菌独立包装 彩色耳带五色装 - 50只【医用独立包装】,32.90,1万+,初医生旗舰店,https://item.jd.com/10034654252687.html,"京东物流,券29-3,每满200-30"
京东超市稳健（Winner）医用外科口罩灭菌级10只/袋 一次性医用口罩三层防护防尘防花粉,7.90,10万+,稳健京东自营旗舰店,https://item.jd.com/100016584318.html,自营
京东超市Dr.Chu旗舰店 初医生莫兰迪医用外科口罩一次性三层防护透气独立包装 透气纯色成人医用防尘防护 三七灰医用外科【30只独立装】,29.90,2000+,初医生旗舰店,https://item.jd.com/10038714979154.html,"京东物流,新品,券29-3,每满200-30"
防尘口罩工业粉尘PM2.5颗粒物防护口罩防飞沫花粉雾霾打磨,26.90,5000+,居安思官方旗舰店,https://item.jd.com/10022376346883.html,
京东超市稳健（Winner）医用外科口罩环保纸袋独立包装30只/盒 三层防护防细菌飞沫 细菌过滤率大于95%,23.90,5万+,稳健京东自营旗舰店,https://item.jd.com/100015697806.html,"自营,券300-40"
振德（ZHENDE）一次性医用大童口罩 防尘阻菌医用小脸适用 大童云朵 防沙尘暴遮阳冬季保暖10只/包 14*9.5cm,4.90,20万+,振德（ZHENDE）京东自营旗舰店,https://item.jd.com/100013483296.html,"自营,放心购,2件8.5折"
海氏海诺儿童医用外科无菌口罩独立包装50只卡通蓝色小牛 挂耳冬季保暖透气,44.80,20万+,海氏海诺京东自营旗舰店,https://item.jd.com/100021966064.html,"自营,秒杀"
【低至0.1X/只】YUAN 宇安儿童医用外科口罩一次性无菌级医护口罩男童女童 蓝色-儿童款-医用外科（3-12岁） 100只装,17.90,20万+,珍芬享医疗器械专营店,https://item.jd.com/10022884989869.html,"秒杀,免邮"
京东超市海氏海诺 医用外科无菌口罩白色50只独立包装 三层灭菌口罩医用夏季透气防尘防花粉（二类医疗器械）,39.90,20万+,海氏海诺京东自营旗舰店,https://item.jd.com/100011559621.html,"自营,放心购,券99-10,3件8.8折"
振德口罩一次性医用口罩男女无纺布50只/盒 浅蓝独立装,27.50,200万+,振德（ZHENDE）京东自营旗舰店,https://item.jd.com/100008274507.html,"自营,放心购"
京东超市袋鼠医生 儿童口罩医用外科口罩独立包装女孩男孩防尘飞沫灭菌级医用级冬季加厚水刺布粉白兔 50支/盒,38.30,50万+,袋鼠医生京东自营旗舰店,https://item.jd.com/100016032530.html,"自营,放心购,秒杀,券200-10,"
飞利浦（PHILIPS ）KN95口罩秋冬防护防晒防尘防花粉轻盈佩戴 可安装新风模组 极光黑（三只装）,59.00,2万+,飞利浦（PHILIPS ）健康京东自营旗舰店,https://item.jd.com/100011690157.html,自营
中国红口罩医用外科口罩我爱你中国一次性口罩国潮中国风新年口罩大人儿童独立包装防护虎年圣诞节 我爱你中国渐变红50个大人医用外科,35.00,1万+,卡尔保健器械专营店,https://item.jd.com/10029827321598.html,"免邮,每满200-30"
史迪克 中国红口罩一次性医用外科口罩国庆新年款国潮口罩灭菌级扁耳带独立包装防尘防飞沫国风 【灯笼福款】医用外科 50枚 独立包装,38.60,1万+,宝泽医疗器械专营店,https://item.jd.com/10035848971303.html,"秒杀,2件8.5折,赠"
Dr.Chu旗舰店 初医生一次性医用3D立体口罩医用隔离面罩成人男士女士莫兰迪医用外科独立包装 白色M【30枚独立装】+黑色M【30枚独立装】,49.00,1万+,初医生旗舰店,https://item.jd.com/10037530558309.html,"京东物流,券29-3,每满200-30"
依芙·德伦 YIFUDELUN 日本口罩一次性三层白色轻薄透气单独包装成人口罩小脸50枚(升级版独立装),39.00,2万+,依芙·德伦京东自营旗舰店,https://item.jd.com/100008846427.html,自营
超亚小王子成人一次性医用外科口罩10枚装成人医用防沙尘暴冬季口罩三层防护透气亲肤,6.90,5万+,超亚京东自营旗舰店,https://item.jd.com/100013390722.html,"自营,放心购"
袋鼠医生医用外科口罩一次性防尘口罩冬季保暖透气独立包装男女双鼻梁+E形切口白色 50只/盒,49.90,10万+,袋鼠医生京东自营旗舰店,https://item.jd.com/100019181064.html,"自营,券200-10,赠"
Dr.Chu旗舰店 初医生一次性医用3D立体口罩医用隔离面罩成人男士女士莫兰迪医用外科独立包装 成人M码【白色30枚】,29.00,1万+,初医生旗舰店,https://item.jd.com/10035266622915.html,"京东物流,券29-3,每满200-30"
居安思 一次性口罩三层含熔喷布防尘口罩卫生防雾霾透气成人口罩黑色 黑色50只装,12.50,10万+,居安思家居专营店,https://item.jd.com/69284119314.html,"放心购,券99-5,赠"
京东超市阿盾 医用外科口罩一次性无菌挂耳式防护三层含熔喷布 舒适透气 共100片,29.90,10万+,泉兴大药房旗舰店,https://item.jd.com/71714936445.html,"京东物流,免邮,券300-40"
【京东推荐】folca成人医用外科口罩100只（10袋）,19.99,20万+,folca口罩京东自营旗舰店,https://item.jd.com/100016921672.html,"自营,放心购"
京东超市袋鼠医生emoji联名款医用外科口罩一次性三层双鼻梁+E形切口独立装冬季加厚保暖50只粉色,49.90,2万+,袋鼠医生京东自营旗舰店,https://item.jd.com/100020634636.html,"自营,秒杀,券200-10,2件8.5折"
日本进口PITTA MASK口罩非一次性男女3d立体海绵pitta秋冬季 新款黑灰色大人款,36.50,5000+,唯爱宝贝母婴专营店,https://item.jd.com/66958341113.html,"免邮,券600-30"
超亚医用外科儿童口罩10片装一次性三层防护透气防飞沫中小学生开学145mm×95mm,1.80,5万+,京东超市PLUS会员店,https://item.jd.com/100020061726.html,"自营,放心购"
喜百适医疗医用外科口罩单只独立包装一次性医护医生专用外科口罩成人三层环氧乙烷灭菌级外科防护防细菌 灭菌级医用外科独立包装（100只/共,69.00,10万+,圣强大药房旗舰店,https://item.jd.com/10020684218607.html,"京东物流,免邮,每满69-10"
维德医疗成人医用口罩10只 一次性无菌防尘防柳絮防雾霾防沙尘暴口罩轻薄透气,2.50,100万+,维德（WELLDAY）京东自营旗舰店,https://item.jd.com/100011283284.html,"自营,放心购,券300-40"
一次性口罩黑色单片独立包装防尘透气不勒耳立体设计,376.00,47,Brodio布罗狄尔专卖店,https://item.jd.com/10041388880740.html,
【儿童口罩】喜百适医用外科口罩【灭菌型】 一次性儿童医用口罩2-12岁学生儿童防护专用（10只/袋） 女童-灭菌级医用外科100只-10包,59.00,5万+,圣强大药房旗舰店,https://item.jd.com/72266949149.html,"京东物流,免邮,每满59-10"
现货kn95口罩n95独立包装透气粉尘防雾霾男女一次性成人口罩白色N95 白色带阀30个【独立包装】,49.90,2000+,中汇盈个人防护专营店,https://item.jd.com/67906389106.html,"京东物流,券600-30"
超亚哆啦A梦一次性成人冬季医用外科独立包装医疗防护沙尘暴口罩三层透气冬季,59.00,5万+,超亚京东自营旗舰店,https://item.jd.com/100016314962.html,"自营,放心购"
恩惠医疗 成人医用外科口罩灭菌级保暖男女无菌防雾霾防细菌防粉尘防沙尘暴 50只/盒 单只独立包装,26.00,50万+,ENVΛE京东自营旗舰店,https://item.jd.com/100018298696.html,"自营,秒杀,券300-40,2件7折"
京东超市霍尼韦尔（Honeywell）口罩 KN95 H910Plus防沙尘口罩工业粉尘耳带折叠式 防雾霾PM2.5 10只/包,29.90,100万+,霍尼韦尔京东自营旗舰店,https://item.jd.com/100007265143.html,"自营,放心购,券300-40"
新年口罩国潮中国风2022新年快乐中国红虎年灯笼高照,42.00,23,恒坤旗舰店,https://item.jd.com/10041072453193.html,
万聚医疗N95口罩医用口罩灭菌级独立包装医用防护口罩防尘口罩 N95医用50只,53.90,2万+,万聚医疗（WANJUYILIAO）京东自营旗舰店,https://item.jd.com/100026796558.html,"自营,放心购,券300-40,89元2件"
Dr.Chu初医生 一次性医用外科口罩中国风红色潮款防护灭菌级独立包装口罩 【成人60只】医用外科【灭菌独立装】,49.90,2000+,初医生昂王专卖店,https://item.jd.com/10037522152868.html,"京东物流,新品,免邮,券29-3,"
史迪克N95口罩医用防护口罩独立包装灭菌级折叠式 【白色】6mm加宽耳带【10枚*5】 共50枚,158.00,10万+,宝泽医疗器械专营店,https://item.jd.com/10037720182959.html,"新品,免邮,2件8.5折"
医用外科口罩独立包装 一次性医用口罩单独单只单片 加厚防护防尘无菌灭菌级成人使用 蓝色每只独立装50个（1盒装）,23.00,1万+,智络达保健器械专营店,https://item.jd.com/68733239772.html,
史迪克N95口罩医用防护口罩独立包装灭菌级折叠式 【白色】6mm加宽耳带【非独立装非无菌】 共5枚,28.00,10万+,宝泽医疗器械专营店,https://item.jd.com/10037674037147.html,"新品,免邮,2件8.5折"
小懒儿童医用口罩小童2-10岁两中大童一次性3d立体独立包装,26.80,2万+,小懒医疗器械旗舰店,https://item.jd.com/10020205646599.html,
京东超市全棉时代&稳健（Winner）日用标准口罩防护口罩花色款式随机发货 共50片 （非独立包装）,25.80,20万+,全棉时代自营旗舰店,https://item.jd.com/100007615205.html,"自营,闪购,券600-30"
京东超市袋鼠医生 医用外科口罩防尘牛转乾坤儿童独立装无菌口罩冬季保暖独立装透气 50支,54.90,10万+,袋鼠医生京东自营旗舰店,https://item.jd.com/100018075524.html,"自营,放心购,秒杀,2件6.6折"
氧精灵 一次性医用外科口罩无菌三层外科灭菌 50只独立包装/盒,32.90,50万+,氧精灵京东自营旗舰店,https://item.jd.com/100015185398.html,"自营,放心购"
京东超市格林特卫Greencare环球影城小黄人IP联名款成人一次性口罩非无菌三层过滤防飞沫防霾独立包装白色50只/盒,79.90,1000+,格林特卫（Greencare）京东自营旗舰店,https://item.jd.com/100025410614.html,"自营,放心购,新品,券300-40,2件8折"
小魔 kn95儿童口罩独立包装防护面罩k n95口罩儿童亲肤防雾霾防飞沫卡通小孩学生10只装【儿童专用】,49.90,1000+,劲度（JINDU）京东自营旗舰店,https://item.jd.com/100027168246.html,"自营,放心购,新品"
kf94口罩四层双熔喷层防雾霾3D立体透气独立包装kn95,45.00,100+,果然医疗器械专营店,https://item.jd.com/10026776081777.html,
Dr.Chu 初医生 儿童医用3d立体隔离面罩一次性医用口罩小孩宝宝男女孩专用保暖防尘独立包装 【儿童60片】甜心菇菇（粉色）独立包装,47.80,5000+,初医生昂王专卖店,https://item.jd.com/10035678570643.html,"京东物流,免邮,券29-3,每满200-30"
Dr.Chu初医生儿童口罩一次性医用外科防护防尘防飞沫无菌灭菌婴儿宝宝男女孩专用泡泡纱独立包装 小公主4-15岁【50只独立装】,29.80,200+,昂王医疗器械专营店,https://item.jd.com/10041507097795.html,"京东物流,新品,券20-1,2件9.5折"
Dr.Chu 初医生 学生儿童卡通医用外科口罩 一次性无菌独立包装医护防护卡通口罩男童女童 【4-15岁】萌兔50只,33.90,2万+,昂王医疗器械专营店,https://item.jd.com/10036257248589.html,"京东物流,券20-1"
超亚哆啦A梦联名款一次性成人医用外科口罩医疗防护三层透气,6.90,5万+,超亚京东自营旗舰店,https://item.jd.com/100016314984.html,"自营,放心购"
菲蒂（Fitty）日本口罩一次性独立包装白色3d立体玉川成人防护口罩冬季防尘保暖30只 165*90mm,69.00,5000+,菲蒂（Fitty）京东自营旗舰店,https://item.jd.com/100011617539.html,"自营,放心购,券300-40"
莫兰迪彩色口罩Kn95女性潮款创意个性鱼嘴柳叶型口罩,119.90,23,恋之轩医疗器械专营店,https://item.jd.com/10042207287137.html,
致净韩国网红kn95防护口罩鱼嘴型蝶型3d立体kf94潮流男女黑色白色独立包装 3D立体时尚舒适透气【医用珍珠白】 10只体验装(舒适透气),9.90,5000+,千美江护理护具专营店,https://item.jd.com/10038265737270.html,"券100-10,满15-1"
美仕盾（MEXDUNN）一次性口罩成人我爱你中国红国潮三层防尘透气含熔喷布防护 【独立包装】50只/盒,29.80,2000+,盛港（SHENGGANG）工业品京东自营专区,https://item.jd.com/100014723875.html,"自营,厂商配送,券2999-200"
喜百适医用外科口罩灭菌级无菌型单支独立包装一次性儿童外科口罩医用级2-12岁学生儿童外出假期返校使用 女童佩戴--独立包装10包（100片）,52.90,5万+,永春堂大药房旗舰店,https://item.jd.com/71991101670.html,"京东物流,免邮,每满52-3"
Dr.Chu 初医生 儿童3D立体医用口罩医用隔离面罩一次性独立包装卡通印花男童女童不勒耳防护 3D立体医用萌萌兔+小公主【0-3岁】 30只装,29.90,2000+,昂王医疗器械专营店,https://item.jd.com/10037881991527.html,"新品,券20-1,2件9.5折"
3M 9513轻型KN95防护口罩防晒防尘防雾霾病毒PM2.5白色独立包装3d立体 5枚【5枚/包】包装有密封条 非独立包装,49.00,2000+,3M官方旗舰店,https://item.jd.com/10031047229699.html,"免邮,赠"
小懒一次性新款宽耳带不勒耳独立透气蓝色成人独立装医用口罩,29.90,5000+,鼎成医疗器械专营店,https://item.jd.com/10025052839093.html,
京东超市Dr.Chu旗舰店 初医生儿童3D立体医用外科口罩学生宝宝小童小孩专用一次性灭菌级独立装 【0-3岁 3D粉猫】30只独立装,39.00,2000+,初医生旗舰店,https://item.jd.com/10034695982792.html,"京东物流,券29-3,每满200-30"
海氏海诺 一次性kn95口罩 独立包装 防尘口罩白色k n95立体防护成人 1只装（凑单1元2元5元商品 ）,3.50,20万+,海氏海诺京东自营旗舰店,https://item.jd.com/100011926130.html,"自营,放心购,秒杀,券99-10,"
比亚迪一次性使用医用口罩 50只 三层防护防飞沫带熔喷层 金属芯塑胶鼻梁条,49.90,2万+,比亚迪旗舰店,https://item.jd.com/10021159028411.html,"京东物流,4件5.5折"
【现货速发】聆懿口罩一次性医用口罩三层防护内含熔喷布口罩医用 【成人蓝】医用100片,17.80,1万+,聆懿旗舰店,https://item.jd.com/10039887271574.html,券17-8
Dr.Chu初医生 一次性医用外科口罩中国风红色潮款防护灭菌级独立包装口罩 【儿童60只】医用外科【灭菌独立装】,49.90,2000+,初医生昂王专卖店,https://item.jd.com/10038441376845.html,"新品,免邮,券29-3,每满200-30"
【京东推荐】成人医用外科口罩100只（单只独立包装）,59.99,20万+,folca口罩京东自营旗舰店,https://item.jd.com/100025555586.html,"自营,放心购"
维德医疗（WELLDAY）一次性医用外科口罩挂耳式三层无菌级防细菌飞沫轻薄透气医护人员防护多色可选 医用外科灭菌10只/袋*5【蓝色-共50只】,25.90,20万+,五世同堂官方旗舰店,https://item.jd.com/10023673209195.html,"免邮,1件7.5折"
Dr.Chu旗舰店 初医生儿童医用3D立体隔离面罩 外科口罩一次性小孩宝宝男女孩专用独立包装 3D立体医用女宝款【4-12岁】 30片-独立包装,29.00,10万+,初医生旗舰店,https://item.jd.com/10030675782552.html,"京东物流,券29-3,每满200-30"
爱不释手 N95口罩医用 单片独立包装 双层熔喷布防尘防飞沫 鱼形仿生设计4D立体防护 N95医用防护/ 渐变蓝 30片【单片独立】,39.90,200+,中礼医疗器械专营店,https://item.jd.com/10038189294261.html,"新品,免邮,满赠"
一次性医用外科口罩泡泡纱宽耳带黑色口罩灭菌级独立包装成人男女通用防护无菌挂耳式防细菌尘飞沫 【黑色】50枚（6mm泡泡纱耳带）医用外科独立,35.80,5万+,宝泽医疗器械专营店,https://item.jd.com/10031567160836.html,"2件9折,赠"
史迪克 一次性医用防护口罩N95外科用 折叠式独立包装成人男女通用熔喷布四层防护无菌透气防尘 绿色 50枚-6mm加宽耳带，双芯鼻夹,158.00,5000+,宝泽医疗器械专营店,https://item.jd.com/10025658784393.html,"免邮,2件8.5折"
振德医用外科口罩新年福字款10只/盒冬季保暖独立装,9.90,200万+,振德（ZHENDE）京东自营旗舰店,https://item.jd.com/100030544882.html,"自营,厂商配送"
励展（LIZHAN）特惠装医用外科口罩 灭菌级独立包装 一次性医用口罩成人男士女士透气防护多色可选 黑色100枚【医用外科】,29.00,200+,昂王医疗器械专营店,https://item.jd.com/10036310424161.html,"京东物流,券20-1"
Dr.Chu旗舰店 初医生儿童组合套装隔离面罩儿童医用口罩一次性小孩宝宝男女孩专用男童女童独立包装 新女宝套装60枚装【0-3岁】 组合套装,49.00,100+,初医生旗舰店,https://item.jd.com/10039458191640.html,"券29-3,每满200-30"
海氏海诺 一次性使用医用外科口罩 无菌三层平面型防飞沫防尘成人口罩医用 灭菌级10只装,5.90,50万+,海氏海诺京东自营旗舰店,https://item.jd.com/100013129734.html,"自营,券99-10,3件8.8折"
京东超市鱼跃 Yuwell 成人口罩10只一次性医用外科灭菌级医用口罩挂耳式防细菌飞沫透气三层防护医用隔离10只/袋,3.80,20万+,鱼跃京东自营旗舰店,https://item.jd.com/100016202632.html,"自营,1件9折"
中国红口罩医用外科口罩我爱你中国一次性口罩国潮中国风新年口罩大人儿童独立包装防护虎年圣诞节 我爱你中国鎏金蓝色50个医用外科（,39.00,1万+,卡尔保健器械专营店,https://item.jd.com/10039841892975.html,"免邮,每满200-30"
【热销10w+】【颜值款】医用外科口罩一次性白草莓独立包装,48.30,50万+,袋鼠医生京东自营旗舰店,https://item.jd.com/100008449821.html,自营
京东超市Dr.Chu初医生 一次性医用外科口罩彩色灭菌防护独立包装莫兰迪色男女潮流个性 【冷色混装】医用外科【灭菌级】 60只独立装,45.00,1000+,初医生昂王专卖店,https://item.jd.com/10038327258194.html,"京东物流,新品,秒杀,免邮,券29-3,"
京东超市青霄 柳叶型kf94口罩韩式男女鱼嘴形独立包装kn95一次性口耳罩立体3d KF94五种渐变色10只 【独立包装】,16.90,100+,青霄(QINGXIAO)京东自营旗舰店,https://item.jd.com/100028313306.html,"自营,券2999-200"
Dr.Chu 初医生 医用外科口罩多色可选 一次性成人防护防尘独立包装 无菌灭菌加宽耳带泡泡纱材质 【黑色】50片装 独立包装医用外科,29.90,5万+,昂王医疗器械专营店,https://item.jd.com/10027865116642.html,"京东物流,券20-1"
喜百适医用外科口罩单只无菌级独立包装一次性医用外科口罩医生手术外科三层防护含熔喷布灭菌级医用 医用灭菌级独立包装×2盒(100只),69.90,1万+,赟德大药房旗舰店,https://item.jd.com/10025320386574.html,"京东物流,免邮,每满69-10"
亿凌 医用外科灭菌级kn95口罩n95韩国潮款男女3d立体一次性黑色kf防护94白色防尘 50只白色【独立包装】医用外科灭菌级,35.70,500+,绿旗医疗器械专营店,https://item.jd.com/10033568028667.html,"免邮,券100-15,每满200-30,赠"
【50只】3M口罩耐适康一次性成人平面舒适 独立包装防飞沫,109.00,10万+,3M健康生活京东自营旗舰店,https://item.jd.com/100016437434.html,自营
舒昂（SUERIANR）KN95白色防尘口罩防尘防护囗罩3d立体工业防尘pm2.5大号50只,69.00,5000+,舒昂京东自营旗舰店,https://item.jd.com/100017748276.html,"自营,券300-40,赠"
励展（LIZHAN）特惠装医用外科口罩 灭菌级独立包装 一次性医用口罩成人男士女士透气防护多色可选 白色100枚【医用外科】,29.00,200+,昂王医疗器械专营店,https://item.jd.com/10036310424162.html,"京东物流,券20-1"
爱不释手 一次性口罩医用 单片独立包装 3D立体防护轻薄透气黑色白色口罩 成人款 白色 50片【10片/袋】,25.90,5000+,中礼医疗器械专营店,https://item.jd.com/10025447179781.html,免邮
N95口罩 医用防护口罩 一次性口罩医用口罩 N95医用口罩【100只白色】灭菌独立包装,69.00,2万+,量康医疗器械专营店,https://item.jd.com/10026382823601.html,"免邮,券99-5,每满200-30"
爱康尼 黑色口罩自营 成人薄款一次性三层男女冬季款独立包装【经典款】酷黑50枚,29.90,200+,爱康尼（AIKANGNI）京东自营旗舰店,https://item.jd.com/100013514871.html,"自营,放心购,新品,券39-5,满29-3"
氧化铜离子灭活口罩安徽KN95健康国产盒子装重复使用60次,30.00,75,亿凌官方旗舰店,https://item.jd.com/10035948007486.html,
江赫(QJMDM) 一次性医用口罩1只/袋 灭菌独立包装 无纺布防尘透气防飞沫防柳絮成人3层防护 【300只】,78.80,5000+,江赫保健器械专营店,https://item.jd.com/10022783152819.html,"秒杀,券88-5"
百医卫仕口罩医用外科口罩独立包装灭菌级一次性医用口罩防尘口罩无菌成人挂耳式防细菌隔离病菌防护 灭菌级独立包装蓝色100只,35.90,5万+,百医卫仕旗舰店,https://item.jd.com/10024683579912.html,"京东物流,免邮,券300-40"
京东超市诺伯豪斯 可水洗聚氨酯海绵口罩成人轻薄透气网红潮时尚明星同款黑色 独立包装3枚,23.80,10万+,诺伯豪斯京东自营旗舰店,https://item.jd.com/100022134682.html,"自营,放心购,券300-40,赠"
Dr.Chu 初医生 特惠装黑色医用外科口罩 独立包装一次性成人防护透气单片无菌型不勒耳医用 黑色医用外科【100只独立装】,55.00,1万+,昂王医疗器械专营店,https://item.jd.com/10024058022857.html,"京东物流,券20-1,2件9.5折"
京东超市飞利浦（PHILIPS ）电动新风口罩秋冬防护防紫外线透气不勒耳时尚出街 轻盈版森林绿（带新风模组）,329.00,2万+,飞利浦（PHILIPS ）健康京东自营旗舰店,https://item.jd.com/100011690173.html,"自营,券329-30"
儿童口罩医用独立包装3D立体宝宝一次性防护防尘薄款透气面罩,47.80,5000+,初医生昂王专卖店,https://item.jd.com/10035682873263.html,
劲度 一次性医用儿童口罩医用防护带熔喷层亲肤防飞沫细菌过滤率高于95%蓝色三层学生医用50只装,29.90,2万+,劲度（JINDU）京东自营旗舰店,https://item.jd.com/100009361231.html,"自营,放心购,赠"
N95医用防护口罩 【独立包装】一次性挂耳式成人无菌带溶喷层儿童N95口罩 【4-13岁】儿童款N95医用防护50只,99.00,5万+,仁心大药房旗舰店,https://item.jd.com/10023588499509.html,"免邮,2件9折"
京东超市Dr.Chu旗舰店 初医生儿童3D立体医用外科口罩学生宝宝小童小孩专用一次性灭菌级独立装 【4-15岁 3D小蓝车】30只独立装,39.00,2000+,初医生旗舰店,https://item.jd.com/10034695982795.html,"京东物流,券29-3,每满200-30"
恒助儿童医用外科口罩3层95%过滤熔喷布助力开学小孩4-12岁一次性医用口罩 儿童蓝色/100片装,19.90,2万+,新世家族旗舰店,https://item.jd.com/71225626103.html,免邮
亿凌 n95医用防护级别口罩防病毒细微灭菌级医护专用非一次性鼻独立装 【4层防护】N95医用【80只】 灭菌级,126.00,500+,中鼎医疗器械专营店,https://item.jd.com/10026607259561.html,"免邮,券100-15,每满200-30,赠"
Dr.Chu 初医生口罩医用隔离面罩独立包装3d立体,25.80,5000+,境跃医疗器械专营店,https://item.jd.com/10036145218714.html,
京东超市unifree 一次性儿童口罩含熔喷布三层防护 防飞沫透气适合3-6岁儿童3D款30片装,29.90,50万+,unifree京东自营旗舰店,https://item.jd.com/100012649842.html,"自营,放心购,券600-30,2件6折"
京东超市鱼跃 Yuwell 儿童医用外科口罩10只一次性医用外科灭菌级医用口罩挂耳式防细菌飞沫透气三层防护10只/袋,5.80,20万+,鱼跃京东自营旗舰店,https://item.jd.com/100009188799.html,"自营,2件5折"
Dr.Chu 初医生 医用外科口罩多色可选 一次性成人防护防尘独立包装 无菌灭菌加宽耳带泡泡纱材质 【白色】50片装 独立包装医用外科,29.90,5万+,昂王医疗器械专营店,https://item.jd.com/10024009338621.html,"京东物流,券20-1"
京东超市御药坊 n95医用口罩防护口罩灭菌独立包装折叠式防护防飞沫医用面罩 绿色50只,49.80,1万+,御药坊京东自营旗舰店,https://item.jd.com/100028094738.html,"自营,放心购,新品,闪购,满赠"
英科 INTCO 一次性防护口罩 三层过滤隔离防尘透气防飞沫无菌口罩独立包装20只 成人款-街头风绿色,22.00,33,者也劳防用品京东自营旗舰店,https://item.jd.com/100026683346.html,"自营,厂商配送,券600-30"
口罩一次性口罩三层防护过年潮款红色春节印花口罩独立包装不勒耳,49.80,14,Brodio布罗狄尔专卖店,https://item.jd.com/10037771723102.html,
3M口罩防尘9501V+升级版防PM2.5带呼吸阀透气KN95 9501V+ (整盒15只) 耳挂款,85.00,1万+,易百国际保健器械专营店,https://item.jd.com/39983466163.html,"免邮,券38-3,满369-20"
弓立(SKYPRO) 春季一次性防护口罩 金鸡明星同款印花防尘透气 三层口罩 独立包装 满屏logo红色50只装,24.90,500+,SKYPRO旗舰店,https://item.jd.com/10026327607783.html,
京东超市稳健（Winner）一次性医用外科口罩10只/袋 防细菌防飞沫 细菌过滤率大于95% 成人医用,6.90,10万+,稳健京东自营旗舰店,https://item.jd.com/100015418196.html,"自营,放心购,赠"
飞利浦（PHILIPS ）KN95口罩秋冬防护防晒防尘防花粉轻盈佩戴 可安装新风模组 森林绿（三只装）,59.00,2万+,飞利浦（PHILIPS ）健康京东自营旗舰店,https://item.jd.com/100022416622.html,自营
京东超市Dr.Chu 初医生 医用外科口罩成人防护白色一次性灭菌黑色防尘口罩不勒耳朵透气独立包装 绿色（久戴不痛）医用外科灭菌（50只独立装）,29.00,1万+,初医生昂王专卖店,https://item.jd.com/10026730278455.html,"京东物流,免邮,券29-3,每满200-30"
【京东精选】医用外科口罩灭菌级单支独立包装-100片,63.00,5万+,永春堂大药房旗舰店,https://item.jd.com/10021171657470.html,
Dr.Chu旗舰店 初医生儿童口罩医用外科口罩 无菌防护防尘防飞沫卡通印花男童女童独立包装一次性 4-15岁小粉猫【50片独立装】,33.90,1万+,初医生旗舰店,https://item.jd.com/10026567799328.html,"京东物流,券29-3,每满200-30"
晨康 医用外科口罩医用口罩一次性医护成人男女儿童通用三层（灭菌）蓝 色白色挂耳10只/包 【蓝色100只】医用灭菌级10只*10包,25.80,1000+,自力保健器械专营店,https://item.jd.com/69803115614.html,
百医卫仕 口罩医用防护口罩韩版KF94一次性防护口罩黑色独立包装25只,49.90,10万+,百医卫仕京东自营旗舰店,https://item.jd.com/100018646436.html,"自营,99元4件,赠"
贝虹【灭菌级】医用口罩一次性医用口罩耳挂式成人防护口罩透气含熔喷布医护口罩独立包装灭菌型医用外科 灭菌级医用100只【10只装*10包】,29.90,20万+,贝虹旗舰店,https://item.jd.com/10022977334555.html,
亿凌 医用外科级韩国款kn95口罩3d立体一次性定制白黑色KF防护94男女柳叶型独立包装灭菌毒病感 医用级白色160片 独立(鼻梁处有无凹口随机)灭菌,120.00,1万+,绿旗医疗器械专营店,https://item.jd.com/10026840364620.html,"免邮,券100-15,每满200-30,赠"
爱康尼口罩一次性3D立体三层夏季薄款防尘白色30枚,30.00,1万+,爱康尼（AIKANGNI）京东自营旗舰店,https://item.jd.com/100022295972.html,"自营,放心购"
京东超市飞利浦（PHILIPS ）电动新风小脸口罩防菌防晒防雾霾ACM033/01 深空蓝,529.00,500+,飞利浦（PHILIPS ）健康京东自营旗舰店,https://item.jd.com/100019154366.html,"自营,券300-40"
初医生（Dr.chu）一次性医用口罩医用隔离面罩 成人男士女士儿童3D口罩医用级3d立体 儿童S号【粉色50枚】,37.80,5万+,昂王医疗器械专营店,https://item.jd.com/10027474089835.html,"京东物流,券20-1,2件9折"
KF94口罩一次性3D立体口罩柳叶型鱼嘴时尚男女黑白色防护器口罩四层双熔喷布折叠 韩版KF94白色（50片）,29.90,1000+,新世家族旗舰店,https://item.jd.com/10037610210067.html,免邮
海氏海诺 一次性使用医用外科口罩100只 无菌三层平面型成人口罩医用 灭菌10只*10袋,39.90,10万+,海氏海诺京东自营旗舰店,https://item.jd.com/100017431284.html,"自营,券999-100"
3M口罩耐适康一次性成人口罩 沙尘暴口罩柳絮立体防护透气 细菌过滤效率≥95% 白色3包装15支,59.90,2万+,3M健康生活京东自营旗舰店,https://item.jd.com/100015075642.html,"自营,放心购,券300-40"
韩国KF94儿童口罩3D立体一次性独立包装kn95婴幼儿口罩,49.90,30,恋之轩医疗器械专营店,https://item.jd.com/10041466221154.html,
蓝冠（BLUEGUAN)一次性口罩我爱你中国风红色口罩个性国潮防护三层口罩防尘透气 独立包装50只,26.90,1000+,BLUEGUAN防护京东自营旗舰店,https://item.jd.com/100015542357.html,"自营,厂商配送"
弘泉 防尘口罩工业粉尘n95囗 罩kn95N95白色防护口罩透气立体装修防雾霾灰尘油漆劳保打磨防飞沫 【30只白色无阀】KN95 五层防护 双层熔喷,25.91,10万+,弘泉官方旗舰店,https://item.jd.com/10020957488555.html,"秒杀,免邮,券99-15,3件8折,赠"
美仕康 儿童款多花色医用外科口罩灭菌级三层医疗口罩透气单片防护 50只盒装医用外科【独立包装】 100只装机器猫款,34.90,1万+,美仕康医疗器械旗舰店,https://item.jd.com/10041104832707.html,满30-9
【低至0.1X/片】YUAN宇安一次性医用外科口罩医用外科口罩成人防尘挂耳式防细菌熔喷布3层 蓝色-医用外科 100只装,19.90,5万+,珍芬享医疗器械专营店,https://item.jd.com/10021531001698.html,免邮
3M口罩耐适康一次性成人口罩活性炭防晒口罩3D立体防护沙尘暴透气细菌过滤效率≥95% 黑色3包装9支,69.00,2万+,3M健康生活京东自营旗舰店,https://item.jd.com/100009161029.html,"自营,券300-40"
可孚医用外科一次性口罩医疗医护三层10只袋装透气口罩200只,72.90,2万+,可孚医疗器械旗舰店,https://item.jd.com/10020543665247.html,
京东超市偶色（OUSE）医用外科口罩50只独立包装灭菌型防护罩含熔喷布三层高效过滤,25.90,10万+,偶色（OUSE）京东自营旗舰店,https://item.jd.com/100010109643.html,"自营,放心购,满109-10"
京东超市福可安医用防护口罩【20只独立包装】【灭菌级】四层防护含双熔喷布层防雾霾阻隔飞沫防沙尘可定制 绿色,39.90,20万+,福可安京东自营旗舰店,https://item.jd.com/100018433572.html,"自营,券300-40,99元5件,赠"
京东超市安美尚(ams)微笑透明口罩 酒店餐饮餐厅食堂卫生 食品级 厨房厨师口罩 标准防雾款10只/盒,15.90,5000+,安美尚（ams）京东自营旗舰店,https://item.jd.com/100014822576.html,"自营,券600-30,赠"
初医生（Dr.chu）一次性医用口罩医用隔离面罩 成人男士女士儿童3D口罩医用级3d立体 儿童S号【蓝色50枚】,37.80,5万+,昂王医疗器械专营店,https://item.jd.com/10027474089838.html,"京东物流,券20-1,2件9折"
Dr.Chu 初医生 儿童医用3d立体隔离面罩一次性医用口罩小孩宝宝男女孩专用保暖防尘独立包装 【儿童30片】小小熊猫（蓝色）独立包装,27.80,5000+,初医生昂王专卖店,https://item.jd.com/10035678570646.html,"京东物流,免邮,券29-3,每满200-30"
【京东精选】医用外科口罩灭菌级单支独立包装-100片,63.00,5万+,永春堂大药房旗舰店,https://item.jd.com/10021171657470.html,
3M口罩HF-52防尘防毒套装喷漆专用防装修甲醛化工雾霾PM2.5防尘防毒面具3200升级版 1211防尘套装(1套) 经济款,28.00,200+,易百国际保健器械专营店,https://item.jd.com/68216925362.html,"免邮,券38-3"
海氏海诺 一次性使用医用外科口罩 无菌三层平面型口罩医用 灭菌级10只*5袋共50只,29.90,10万+,海氏海诺京东自营旗舰店,https://item.jd.com/100008488857.html,"自营,券99-10,3件8.8折"
振德（ZHENDE)医用外科口罩新年福字款10只/盒 冬季保暖独立装,9.90,200万+,振德（ZHENDE）京东自营旗舰店,https://item.jd.com/100030544882.html,"自营,厂商配送,新品"
山崎 Yamazaki V颜系列KN95一次性防护口罩3D活性炭防尘V颜小脸明星同款银离子抑菌KN95 30片入,129.00,2万+,山崎（Yamazaki）京东自营旗舰店,https://item.jd.com/100014769691.html,"自营,放心购,新品"
振德（ZHENDE）大童医用外科口罩粉色 无纺布内里口罩防沙尘暴遮阳骑行冬季保暖30袋/盒 独立装 14*9.5cm,23.00,20万+,振德（ZHENDE）京东自营旗舰店,https://item.jd.com/100015861546.html,"自营,2件9折,赠"
儿童口罩一次性独立包装KF94男女宝宝儿童专用3D透气,49.90,19,恋之轩医疗器械专营店,https://item.jd.com/10041535314375.html,
3M口罩 防尘防晒KN95口罩立体防护防飞沫 防颗粒物防雾霾 细菌过滤效率≥95% 25只,178.00,2万+,3M健康生活京东自营旗舰店,https://item.jd.com/100023017554.html,"自营,券300-40,赠"
京东超市袋鼠医生儿童口罩宝宝男童女童口罩透气薄款口罩30只独立包装3d立体,39.90,10万+,袋鼠医生京东自营旗舰店,https://item.jd.com/100010967647.html,"自营,放心购,秒杀,券200-10,赠"
京东超市振德（ZHENDE)口罩一次性医用口罩无纺布内里防沙尘暴遮阳骑行冬季保暖10只/包*5包 50只浅蓝深蓝 随机发,15.00,0,振德（ZHENDE）京东自营旗舰店,https://item.jd.com/100007828953.html,"自营,放心购,券300-40"
京东超市飞利浦（PHILIPS ）电动新风小脸口罩防菌防飞沫防雾霾ACM033/02 樱花粉,529.00,500+,飞利浦（PHILIPS ）健康京东自营旗舰店,https://item.jd.com/100019040260.html,"自营,券300-40"
医用外科灭菌级新年口罩国潮中国风2022新年快乐中国红个性潮独立包装 【医用外科】虎年新气象 50只单片独立包装,52.00,14,恒坤护理护具旗舰店,https://item.jd.com/10041072455546.html,"新品,免邮,满99-15"
振德一次性医用口罩男女无纺布内里口罩10只/包,3.00,200万+,振德（ZHENDE）京东自营旗舰店,https://item.jd.com/100006349587.html,"自营,放心购"
新款现货职安康2022新款中国风新年口罩成人儿童亲子同款红虎年新春口罩福气满满虎年大吉独立装 福气满满/成人款（10只/1包））,6.80,200+,鹏盛护理护具专营店,https://item.jd.com/10041577303824.html,免邮
九朵花开 医用外科口罩独立包装 一次性医用外科口罩医用口罩成人挂耳式防细菌防飞沫隔离病菌三层防护 100片蓝色独立包装50片/盒*2,49.90,200+,九朵花开医疗器械旗舰店,https://item.jd.com/10041321283156.html,券29-10
儿童口罩kn95独立包装3d立体婴幼儿宝宝非医用外科口罩防护kf94男女小孩专用 20只【奇幻兔子】3-12岁,29.90,2000+,云禾堂官方旗舰店,https://item.jd.com/10040027491113.html,"京东物流,新品,免邮,2件9折"
京东超市励展（LIZHAN）儿童口罩一次性医用外科口罩可爱印花宝宝学生专用夏季轻薄透气防护独立包装 【0-3岁】恐龙世界【50枚独立装】,29.00,1000+,昂王医疗器械专营店,https://item.jd.com/10036045667654.html,"京东物流,券20-1"
京东超市奥美医疗 N95医用防护口罩 防雾霾沙尘菌飞沫柳絮花粉独立透气口罩 灭菌型医用防护 50只/盒,109.00,5000+,奥美医疗京东自营旗舰店,https://item.jd.com/100018343452.html,"自营,券300-40,2件8折"
海氏海诺 kn95防护口罩 无纺布柳叶型成人口罩防尘 1只装（酒精消毒后可多次使用）,7.90,20万+,海氏海诺京东自营旗舰店,https://item.jd.com/100011926108.html,"自营,放心购"
东贝 一次性医用外科口罩10只/包绑带式口罩医用无菌三层防护 绑带口罩50只,36.00,500+,景天堂旗舰店,https://item.jd.com/71472017943.html,"免邮,券99-10,每满200-30"
Dr.Chu旗舰店 初医生儿童口罩医用外科口罩 无菌防护防尘防飞沫卡通印花男童女童独立包装一次性 0-3岁小熊图【50片独立装】,33.90,1万+,初医生旗舰店,https://item.jd.com/10036147280241.html,"京东物流,券29-3,每满200-30"
海氏海诺 一次性使用医用口罩 无菌独立包装50只 卡通非外科成人口罩含熔喷布猫和老鼠联名,26.90,50万+,海氏海诺京东自营旗舰店,https://item.jd.com/100010044853.html,"自营,放心购,秒杀,券999-100"
Dr.Chu初医生 医用隔离面罩一次性3D立体黑色白色防护防尘透气男女网红儿童口罩 【成人白色】M码（30只装）,25.50,10万+,初医生昂王专卖店,https://item.jd.com/10028619571037.html,"京东物流,秒杀,免邮,券29-3,"
京东超市3M KN95口罩9501V+ 防雾霾PM2.5 呼吸阀 针织带 耳戴式 【15只独立装】,85.00,10万+,3M安全与工业品京东自营官方旗舰店,https://item.jd.com/100008925295.html,"自营,券100-10"
元莱口罩kn95白色3d立体女夏防晒彩色男潮款kf94黑色秋冬保暖防尘秋冬柳叶型韩版加厚防雾霾 白色KF94彩虹款】混装版 【10只 五层 独立装,45.90,100+,元莱官方旗舰店,https://item.jd.com/10035930963578.html,
京东超市袋鼠医生医用外科口罩一次性医用级口罩三层灭菌级独立包装冬季保暖透气蓝色100只,79.00,10万+,袋鼠医生京东自营旗舰店,https://item.jd.com/100023820866.html,"自营,券200-10,2件8.5折"
海氏海诺医用外科彩色口罩一次性医疗用三层正规正品独立包装HZ 医用外科口罩【彩色50只】独立包装,21.90,200+,海诺大药房旗舰店,https://item.jd.com/10036036924551.html,免邮
3Q 三奇医用外科口罩一次性成人口罩透气医疗专用3层含熔喷过滤层成人男女适用防尘 医用外科 50只（5袋*10只）,21.00,5万+,3Q官方旗舰店,https://item.jd.com/69589079678.html,"券99-10,赠"
聆懿一次性医用口罩透气成人通用三层设计内含熔喷布防护口罩医用药监局备案可查 医用3件6折 50片,10.90,1万+,聆懿旗舰店,https://item.jd.com/10039886198476.html,"券10-5,3件6折"
爱康尼（AIKANGNI）彩色薄款创意耳绳一次性独立包装口罩【马卡龙系列】混装版50枚,50.00,1000+,爱康尼（AIKANGNI）京东自营旗舰店,https://item.jd.com/100013514907.html,"自营,放心购,券39-5,满29-3"
3M口罩轻型KN95口罩10只装,78.00,10万+,3M健康生活京东自营旗舰店,https://item.jd.com/100023017602.html,"自营,放心购"
如喜医用外科口罩小号适用于4-12岁儿童口罩独立包装防尘男童口罩医用女童学生无菌小孩一次性男女防护 儿童款 医用外科100片独立包装 蓝色,49.90,5万+,品色医疗器械专营店,https://item.jd.com/10024380828025.html,"京东物流,免邮,券300-40"
京东超市卡缇尼 一次性医用口罩50只/袋无菌级口罩细菌过滤灭菌级男女防细菌防粉尘防沙尘暴三层挂耳式,9.90,10万+,卡缇尼（Katini）京东自营旗舰店,https://item.jd.com/100010149391.html,"自营,券300-40,赠"
3M 6200防尘防毒面具口罩化工喷漆油漆农药防护防有机气体甲醛苯防雾霾PM2.5专用透气面罩 6200+6001七件套【有机气体、防毒喷漆】,128.00,5000+,3M穗兴达专卖店,https://item.jd.com/26122388215.html,"京东物流,每满300-30"
恩惠医疗 儿童口罩医用一次性灭菌级防粉尘防沙尘暴男女中童水刺印花卡通蓝狗防雾霾粉尘花粉10只/袋,5.80,1万+,ENVΛE京东自营旗舰店,https://item.jd.com/100018298762.html,"自营,放心购,秒杀,券300-40"
京东超市稳健（Winner）一次性口罩天然植物精油口罩独立包装14只/盒 舒适自然旅途出行优选薄荷清醒型,32.00,2万+,稳健京东自营旗舰店,https://item.jd.com/100006221879.html,"自营,券300-40"
偶色（OUSE）医用外科一次性口罩无菌型50只 独立包装,25.90,10万+,偶色（OUSE）京东自营旗舰店,https://item.jd.com/100010109643.html,"自营,放心购"
京东超市励展（LIZHAN）医用外科口罩 灭菌级 独立包装 成人男士女士一次性口罩医用 透气防护 多色可选 黑色50枚【医用外科】,19.90,1000+,昂王医疗器械专营店,https://item.jd.com/10035761006460.html,"京东物流,券20-1"
Dr.Chu旗舰店 初医生儿童口罩医用外科口罩 无菌防护防尘防飞沫卡通印花男童女童独立包装一次性 4-15岁小熊图【50片独立装】,33.90,1万+,初医生旗舰店,https://item.jd.com/10036147280243.html,"京东物流,券29-3,每满200-30"
3m防尘口罩装修甲醛呼吸阀8577 8576防异味有机气体孕妇防雾霾流感厨房酸性活性炭 8577(10个整盒)有机异味,338.00,2000+,易百国际保健器械专营店,https://item.jd.com/1463704072.html,"免邮,券38-3"
3M口罩防尘9501V+升级版防PM2.5带呼吸阀透气KN95 9501V+ (整盒15只) 耳挂款,85.00,1万+,易百国际保健器械专营店,https://item.jd.com/39983466163.html,"免邮,券38-3,满369-20"
京东超市HANASS 海纳斯一次性儿童口罩熔喷无纺布防飞沫防尘阻隔面罩透气三层 儿童10只,4.90,2000+,HANASS医疗器械京东自营旗舰店,https://item.jd.com/100013225696.html,"自营,放心购,券300-40"
亿凌 医用外科级KF94口罩【独立包装】,26.00,1000+,亿凌医疗器械官方旗舰店,https://item.jd.com/10024953678981.html,
立体KF94口罩一次性3D立体口罩柳叶型鱼嘴时尚男女黑白色防护器口罩四层双熔喷布折叠 立体KF94白色（100片）,49.90,1000+,青创护理护具专营店,https://item.jd.com/10037635529895.html,"免邮,满赠"
恒助医用外科口罩一次性医用口罩防护3层透气医用级过滤熔喷布成人口罩独立包装 10片（非独立）,5.90,2万+,青创护理护具专营店,https://item.jd.com/67286502681.html,"免邮,满赠"
Dr.Chu初医生儿童口罩医用外科3D立体医用隔离面罩学生宝宝男孩女孩婴幼儿用无菌灭菌一次性独立包装 0-3岁3D恐龙【医用外科30只】,39.00,2万+,昂王医疗器械专营店,https://item.jd.com/10028617825053.html,"京东物流,券20-1,2件9.5折"
亿凌 防护细儿童口罩n95官方灭菌级别医用小孩医病护专 儿童 医用 N95 独立装50只 灭菌级,180.00,200+,亿凌官方旗舰店,https://item.jd.com/10035953499810.html,"免邮,券100-15,每满200-30,赠"
可孚【x无菌型】医用外科口罩无菌一次性防护医疗口罩透气成人儿童学生防飞沫粉尘 【成人100只装】10只/袋装,46.90,1000+,科源医疗器械专营店,https://item.jd.com/72082707992.html,"京东物流,免邮,券99-10,2件9折"
优禾康 一次性医用口罩50只无纺布熔喷布防尘雾霾三层成人透气,9.90,20万+,优禾康（youhekang）京东自营旗舰店,https://item.jd.com/100007487043.html,自营
京东超市XAXR 一次性口罩熔喷布无纺布防沙防尘防唾沫保暖口罩透气成人3层 一次性蓝色 50只装,9.90,20万+,XAXR医疗保健京东自营旗舰店,https://item.jd.com/100008054085.html,"自营,放心购,券300-40,2件8折"
3M N95口罩9501+ 防尘防雾霾KN95防护口罩 针织带 耳带式 【50只】,153.00,5000+,金佰利（KIMBERLY-CLARK）京东自营专区,https://item.jd.com/100012933469.html,"自营,厂商配送,券600-30,1件8.5折"
氧精灵一次性无菌医用外科口罩透气轻薄3层儿童款50只,32.90,50万+,氧精灵京东自营旗舰店,https://item.jd.com/100008515223.html,自营
白色口罩女性一次性纯欲腮红彩色绳2021新款时尚版印花男潮款冬季 【混合装】-每次10只-【50只独立包装】,19.90,26,德清元医疗器械专营店,https://item.jd.com/10041828935168.html,"免邮,2件9折"
Dr.Chu初医生 一次性医用外科口罩中国红潮款保暖防护灭菌级独立包装口罩 【儿童30只】医用外科【灭菌独立装】,29.80,1000+,境跃医疗器械专营店,https://item.jd.com/10038561436858.html,"京东物流,免邮,每满200-30"
韩式柳叶型kf94口罩3D立体透气白色黑色独立包装,15.00,39,恒坤护理护具旗舰店,https://item.jd.com/10039998389783.html,
3M 3200防尘口罩工业粉尘kn95防雾霾PM2.5面具水泥打磨煤矿工厂装修劳保电焊夏透气 3200防尘套装KN95（配5片滤棉）,55.80,2万+,3M居安思专卖店,https://item.jd.com/66275345584.html,"免邮,券49-3,满198-10,赠"
京东超市弘泉 n95囗 罩kn95口罩防尘透气防工业灰粉尘白色黑色立体学生成人防护防尘用品工地打磨 30只黑色时尚韩版KN95级双层熔喷,49.90,1万+,弘泉京东自营旗舰店,https://item.jd.com/10028153893646.html,"自营,券99-15,2件9折"
医用外科韩国口罩kf白色94一次性独立包装口罩3D立体口罩kn95儿童口罩黑色柳叶款鱼型kn95 医用外科柳叶型白色【50只装】,39.90,1000+,外良医疗器械专营店,https://item.jd.com/10039466715071.html,"京东物流,券99-5,1件9折"
江赫口罩医用外科独立包装一次性口罩灭菌级宽耳带挂耳式防细菌飞沫透气轻薄三层防护 【50只】,25.00,5万+,江赫保健器械专营店,https://item.jd.com/62091421061.html,"秒杀,券88-5,赠"
【现货当天发】医用外科口罩独立包装单片医用口罩一次性无菌三层医疗医护人员透气YY0469-2011X 医用外科-无菌型非独立（100只）,39.00,5万+,康莱畔大药房旗舰店,https://item.jd.com/10024627570096.html,"券199-20,2件9折"
海氏海诺 一次性使用医用外科口罩独立包装 三层平面型口罩医用 成人男女外科口罩 30只,26.90,20万+,海氏海诺京东自营旗舰店,https://item.jd.com/100014627816.html,"自营,放心购"
防护盾(Protection)口罩kn95男女防尘工业粉尘成人防护防雾霾防飞沫一次性含熔喷布 灰色呼吸阀 耳挂式 独立包装 10只,32.80,2万+,防护盾官方旗舰店,https://item.jd.com/17946844313.html,"京东物流,每满200-30"
德普森 医用外科口罩 独立包装医用口罩 一次性口罩成人男女熔喷布口罩 【医用外科 】独立包装 50只 独立包装,38.00,1万+,帝运保健器械专营店,https://item.jd.com/70694697802.html,"京东物流,赠"
Dr.Chu 初医生口罩医用隔离面罩防尘防护独立包装3d立体一次性保暖透气个性时尚 【黑色】医用3D立体【100只装】,41.80,5000+,境跃医疗器械专营店,https://item.jd.com/10036145218715.html,"京东物流,免邮,每满200-30"
福可安医用外科口罩50只独立包装透气3层防护挂耳式环氧乙烷灭菌无菌防飞沫成人男女通用可定制,29.90,20万+,福可安京东自营旗舰店,https://item.jd.com/100017855024.html,"自营,放心购,券300-40,赠"
维德医疗一次性成人医用口罩50只/盒 无菌防尘防柳絮轻薄透气防沙尘暴飞沫挂耳式独立包装,19.00,1万+,京东超市PLUS会员店,https://item.jd.com/100024801842.html,"自营,放心购"
恩惠医疗成人医用外科口罩灭菌级 50只/盒单只独立包装,26.00,50万+,ENVΛE京东自营旗舰店,https://item.jd.com/100018298696.html,自营
维德医疗（WELLDAY）一次性医用口罩挂耳式三层无菌级防细菌飞沫轻薄透气医护人员防护隔离 灭菌级10只/袋*5【共50只】,20.50,10万+,五世同堂官方旗舰店,https://item.jd.com/69857865766.html,"免邮,1件7.5折"
儿童口罩kn95独立包装3d立体婴幼儿宝宝非医用外科口罩防护kf94男女小孩专用 30只【女童混装】3-12岁,39.90,2000+,云禾堂官方旗舰店,https://item.jd.com/10040027488406.html,"京东物流,新品,免邮,2件9折"
九朵花开 医用外科口罩独立包装 一次性医用外科口罩医用口罩成人挂耳式防细菌防飞沫隔离病菌三层防护 100片蓝色独立包装50片/盒*2,46.90,500+,九朵花开医疗器械旗舰店,https://item.jd.com/10040277356235.html,券29-10
名典上品一次性活性炭口罩防尘防颗粒物防花粉 黑色50只 (独立包装) M994C,38.00,10万+,名典上品京东自营旗舰店,https://item.jd.com/6578112.html,"自营,放心购,券300-40,满109-10"
亿凌 医用外科灭菌级口罩一次性四层防护韩版时尚黑白色3d立体kf94口罩独立包装韩版KN95 【白色100只】KF94灭菌【医用外科】独立,50.00,200+,绿旗保健器械专营店,https://item.jd.com/10039283627357.html,"新品,免邮,券32-5,每满200-30,赠"
